baseline_path,source_path,lab_path,sha256,size_bytes,status
server/internal/auth/acme_resolver.go,apps/daemon/internal/auth/acme_resolver.go,labs/daemon/modules/auth/acme_resolver.go,f48fb48afc0d8caa15dfc36ccdf12b2abeab9f0faef575a446f17fb25c866d68,1068,preserved-byte-for-byte
server/internal/auth/acme_resolver_test.go,apps/daemon/internal/auth/acme_resolver_test.go,labs/daemon/modules/auth/acme_resolver_test.go,3c4f51eb7dfb5a3c45b69f981b2285e7095a2533d958a652ecb3c27b258d21cf,391,preserved-byte-for-byte
server/internal/auth/authboss.go,apps/daemon/internal/auth/authboss.go,labs/daemon/modules/auth/authboss.go,b72f413f7d652d408650ea6a45bf72887dbabde9d901b6e8cac7560e22176f96,9453,preserved-byte-for-byte
server/internal/auth/authgate.go,apps/daemon/internal/auth/authgate.go,labs/daemon/modules/auth/authgate.go,138e23b8d3cb07191b409db042076f7c5c06b00bdae6f015655b337cbbae3908,8450,preserved-byte-for-byte
server/internal/auth/certmagic.go,apps/daemon/internal/auth/certmagic.go,labs/daemon/modules/auth/certmagic.go,44813d56010db3536c9a1e812f83675bc0854a5c58fca086d344c4215572b872,6851,preserved-byte-for-byte
server/internal/auth/certmagic_test.go,apps/daemon/internal/auth/certmagic_test.go,labs/daemon/modules/auth/certmagic_test.go,76861ee57b6a78b4a5efcfe280cdc3c1f8fee04a59fc53e1d7c3c646ce5cec22,2169,preserved-byte-for-byte
server/internal/auth/login_anomaly.go,apps/daemon/internal/auth/login_anomaly.go,labs/daemon/modules/auth/login_anomaly.go,2dedf0ca70181454d3eb0560991515d5890c53459c412f25aafe0b925173d121,3848,preserved-byte-for-byte
server/internal/auth/oauth_handler.go,apps/daemon/internal/auth/oauth_handler.go,labs/daemon/modules/auth/oauth_handler.go,1d757a4c21a848bb86c7651c3ccd1fd40fce22aa3883702386875fdf3dba2ac1,2609,preserved-byte-for-byte
server/internal/auth/oidc.go,apps/daemon/internal/auth/oidc.go,labs/daemon/modules/auth/oidc.go,2485b591f16be35b987163ff890ec52980377c0203ec08e88cb274c15978d8be,11889,preserved-byte-for-byte
server/internal/auth/oidc_middleware.go,apps/daemon/internal/auth/oidc_middleware.go,labs/daemon/modules/auth/oidc_middleware.go,cb31398eacd76252f78deee174d035e39a0a538366395d6486c4f316b3ccc09b,6009,preserved-byte-for-byte
server/internal/auth/oidc_test.go,apps/daemon/internal/auth/oidc_test.go,labs/daemon/modules/auth/oidc_test.go,328917ffa7d3e3f4f730531ae7e6244127474440cec4e5757dfafa5a9347f03e,3910,preserved-byte-for-byte
server/internal/auth/provider_auth.go,apps/daemon/internal/auth/provider_auth.go,labs/daemon/modules/auth/provider_auth.go,ca76b2a94c887872ebc21c5e374c202aaa43da1cc501349ccf2b5e7c602a5168,1998,preserved-byte-for-byte
server/internal/auth/provider_auth_test.go,apps/daemon/internal/auth/provider_auth_test.go,labs/daemon/modules/auth/provider_auth_test.go,a0e2998a46151e985d109012b1ecc8050e24e66b8a8b35f43f40fb778888b7a1,1527,preserved-byte-for-byte
server/internal/auth/safebox_vault.go,apps/daemon/internal/auth/safebox_vault.go,labs/daemon/modules/auth/safebox_vault.go,fa2f82f0f0ba42ee6d497298627d2b7a7e8c23843aee0d379445fa28e259b127,2027,preserved-byte-for-byte
server/internal/auth/safebox_vault_test.go,apps/daemon/internal/auth/safebox_vault_test.go,labs/daemon/modules/auth/safebox_vault_test.go,50f72d6d8abd51b2ec23f26460062d3f3d4d20004f4d6859c8c00b231d2298e6,1825,preserved-byte-for-byte
server/internal/auth/setec_secrets.go,apps/daemon/internal/auth/setec_secrets.go,labs/daemon/modules/auth/setec_secrets.go,7c1e4834473ba59ee9602f88d11b65b2520c6e92ed30804ab1e28788a193f986,3929,preserved-byte-for-byte
server/internal/auth/setec_secrets_test.go,apps/daemon/internal/auth/setec_secrets_test.go,labs/daemon/modules/auth/setec_secrets_test.go,64568f0219cac268d1ab0c7b0eb0dad9ed506919651e258f780f0dfcc66341f7,1861,preserved-byte-for-byte
server/internal/auth/tailscale_idp.go,apps/daemon/internal/auth/tailscale_idp.go,labs/daemon/modules/auth/tailscale_idp.go,5d62557d83db55a931a92bf69dee989941e6a73496978b910dbede24fef1894c,8499,preserved-byte-for-byte
server/internal/auth/tailscale_idp_test.go,apps/daemon/internal/auth/tailscale_idp_test.go,labs/daemon/modules/auth/tailscale_idp_test.go,7ebf186f3121c089d474628433cd105f0721f3f4b8a7c7c40ee48e90966762d0,5493,preserved-byte-for-byte
server/internal/auth/user_validation.go,apps/daemon/internal/auth/user_validation.go,labs/daemon/modules/auth/user_validation.go,2560c41dac2a114765ff7efd0369162a0d63d64f86628da2abaedbb5d6d3ee91,2369,preserved-byte-for-byte
server/internal/auth/user_validation_test.go,apps/daemon/internal/auth/user_validation_test.go,labs/daemon/modules/auth/user_validation_test.go,add1ffb5121420db503de0d711a4aefab547d7797f67fcc3c012daff640cd3a0,1781,preserved-byte-for-byte
server/internal/backhaul/config.go,apps/daemon/internal/backhaul/config.go,labs/daemon/modules/backhaul/config.go,5089a7207123632cfa7279b6803ee12d65f006b942c6febcdc24f7e0faa6a892,7731,preserved-byte-for-byte
server/internal/backhaul/config_test.go,apps/daemon/internal/backhaul/config_test.go,labs/daemon/modules/backhaul/config_test.go,aba1e1af1c8aaa2bbba22ea05ac4d607afe978384bd54cb902939a504552cdeb,2149,preserved-byte-for-byte
server/internal/backhaul/mux.go,apps/daemon/internal/backhaul/mux.go,labs/daemon/modules/backhaul/mux.go,265c20cd08fdfbf304dd621dbb90d3f0cd4fde327735c6e10c84e020a395c6d3,1365,preserved-byte-for-byte
server/internal/backhaul/mux_test.go,apps/daemon/internal/backhaul/mux_test.go,labs/daemon/modules/backhaul/mux_test.go,f082517f376bbef6068b746c58a225d138e5733e3cfb1913792c1ca2eada1b68,795,preserved-byte-for-byte
server/internal/certs/ca_store.go,apps/daemon/internal/certs/ca_store.go,labs/daemon/modules/certs/ca_store.go,acc9617782a442af4fa42939e8ab7debc32019ffcb72b1b46d5fe6530182cbfa,5403,preserved-byte-for-byte
server/internal/certs/ca_store_test.go,apps/daemon/internal/certs/ca_store_test.go,labs/daemon/modules/certs/ca_store_test.go,55ea6dfd08faaccac99cb5c88a351d1d96ae404a2eb5392bf0fa4758efd5a240,1407,preserved-byte-for-byte
server/internal/certs/cert_installer.go,apps/daemon/internal/certs/cert_installer.go,labs/daemon/modules/certs/cert_installer.go,5ad1110fbf96771f877bc7c682fa684ee7d3592961cddd483d0f74eb6b4dc813,17756,preserved-byte-for-byte
server/internal/certs/cert_installer_test.go,apps/daemon/internal/certs/cert_installer_test.go,labs/daemon/modules/certs/cert_installer_test.go,e68de7901e18d80e7b07eb2b1c236d684db10dea38a6d4e039b4709c139319c1,1422,preserved-byte-for-byte
server/internal/certs/certmagic_store.go,apps/daemon/internal/certs/certmagic_store.go,labs/daemon/modules/certs/certmagic_store.go,f9584a67e28c93fb85ab2909e52ecd761ebcd44ef3542bdd451f2d60d141b78d,18376,preserved-byte-for-byte
server/internal/certs/certmagic_store_test.go,apps/daemon/internal/certs/certmagic_store_test.go,labs/daemon/modules/certs/certmagic_store_test.go,94e9aec6e3411f6e5ffb6d44d80063a26756c9854045507760043203b4376de4,3338,preserved-byte-for-byte
server/internal/domainfront/cf_bypass_worker.go,apps/daemon/internal/domainfront/cf_bypass_worker.go,labs/daemon/modules/domainfront/cf_bypass_worker.go,0af36bcd8b6a4105d5bb3b4499d86421b357221d6c33ff152d31b7b543c6b870,2228,preserved-byte-for-byte
server/internal/domainfront/domainfront.go,apps/daemon/internal/domainfront/domainfront.go,labs/daemon/modules/domainfront/domainfront.go,44c53fd56c6f41ee00faa105b0751e1595e2464a59bcfd740e50bd159ffb523b,8878,preserved-byte-for-byte
server/internal/events/bus_nats.go,apps/daemon/internal/events/bus_nats.go,labs/daemon/modules/events/bus_nats.go,84d874806dcd14a469434a1df12d35ded28ba5eea8d4a431d8b1f7038975da77,3838,preserved-byte-for-byte
server/internal/events/ring.go,apps/daemon/internal/events/ring.go,labs/daemon/modules/events/ring.go,705130aea7f5057f6d933cac32ba2fef3104e92981ade9693bec2330d5b1b2a6,5784,preserved-byte-for-byte
server/internal/events/ring_test.go,apps/daemon/internal/events/ring_test.go,labs/daemon/modules/events/ring_test.go,26bf52d3a88538df0f42b9245eceeb79b8b376bf62b5a8393d3a1f5fe6f31d87,2911,preserved-byte-for-byte
server/internal/firewall/firewall.go,apps/daemon/internal/firewall/firewall.go,labs/daemon/modules/firewall/firewall.go,9ea49f399b3d903528a31e07d71d1799bbc97991420cc54969c5a1b186540b62,10268,preserved-byte-for-byte
server/internal/firewall/ruleset.go,apps/daemon/internal/firewall/ruleset.go,labs/daemon/modules/firewall/ruleset.go,84c4d7c58db709381ba173289635cc8a8362b1aad21eed72596fe9f0c068b883,1662,preserved-byte-for-byte
server/internal/firewall/ruleset_test.go,apps/daemon/internal/firewall/ruleset_test.go,labs/daemon/modules/firewall/ruleset_test.go,3ed221d56b6fb697543946382f616e0ac8e2415d44861176a3f739a49246d10d,755,preserved-byte-for-byte
server/internal/hiddify/core_service.go,apps/daemon/internal/hiddify/core_service.go,labs/daemon/modules/hiddify/core_service.go,7aeabdb9d08ef56601bf162da87ebbf9b9de91d009f386d56c2a0ca1dd773c4c,2542,preserved-byte-for-byte
server/internal/hiddify/manager_haproxy.go,apps/daemon/internal/hiddify/manager_haproxy.go,labs/daemon/modules/hiddify/manager_haproxy.go,23a81113c562eb19a690fd78172c19ee4ec2e09468f14b3cab5fac1cc8534d84,2468,preserved-byte-for-byte
server/internal/hiddify/sing_box_config.go,apps/daemon/internal/hiddify/sing_box_config.go,labs/daemon/modules/hiddify/sing_box_config.go,c2f5332b9c1fb9f15aeb3dbb5eb76f193c367750ce4f2abbf65f89f63df5d619,8099,preserved-byte-for-byte
server/internal/hiddify/sing_box_config_test.go,apps/daemon/internal/hiddify/sing_box_config_test.go,labs/daemon/modules/hiddify/sing_box_config_test.go,f4034102cfd0079a2a193780940824393baf7283c5cb7086378ecc0a0dc0e0be,4510,preserved-byte-for-byte
server/internal/hiddify/worker_setup_wizard.go,apps/daemon/internal/hiddify/worker_setup_wizard.go,labs/daemon/modules/hiddify/worker_setup_wizard.go,8a48aa5d43e0c9e7829c17eb6ab40d29a0717d85e6ae4a364dc838f0d5283269,30992,preserved-byte-for-byte
server/internal/ipscanner/ipscanner.go,apps/daemon/internal/ipscanner/ipscanner.go,labs/daemon/modules/ipscanner/ipscanner.go,b370201ce36ad966d761f797c9182d09b7379d45e4ff344e40c8ff3e4214f7f2,11502,preserved-byte-for-byte
server/internal/ipscanner/ipscanner_address_test.go,apps/daemon/internal/ipscanner/ipscanner_address_test.go,labs/daemon/modules/ipscanner/ipscanner_address_test.go,d0aa5afa9819d68c01ff4ba9cc57e95e17ac52a6df68969dc2da3bdd351ff6a5,2018,preserved-byte-for-byte
server/internal/ipscanner/ipscanner_boundary_test.go,apps/daemon/internal/ipscanner/ipscanner_boundary_test.go,labs/daemon/modules/ipscanner/ipscanner_boundary_test.go,3f31e4b33f87d70054a3a27ea30a28e96e807974e4aed25b3e646ac0f8b71716,425,preserved-byte-for-byte
server/internal/isppresets/isppresets.go,apps/daemon/internal/isppresets/isppresets.go,labs/daemon/modules/isppresets/isppresets.go,3233a97e5942425d90452e20d3e060a4faa51c0416b2f82f213d2758bee4e8fe,4542,preserved-byte-for-byte
server/internal/isppresets/presets_test.go,apps/daemon/internal/isppresets/presets_test.go,labs/daemon/modules/isppresets/presets_test.go,128274a8c86d5e84e771cce79beb799f2700105e124562c964233c74958167c7,315,preserved-byte-for-byte
server/internal/isppresets/ranges/cf-sni-domains.txt,apps/daemon/internal/isppresets/ranges/cf-sni-domains.txt,labs/daemon/modules/isppresets/ranges/cf-sni-domains.txt,0170b7b753aded563759dbfb73b2d9a1a6342af68c405cb78f0287f6c0642498,12030,preserved-byte-for-byte
server/internal/isppresets/ranges/international/AS209242.txt,apps/daemon/internal/isppresets/ranges/international/AS209242.txt,labs/daemon/modules/isppresets/ranges/international/AS209242.txt,78525ba8a7f4353b6993fa4d907a700f547b612f3eb8b26f9aefef03633d6027,1550,preserved-byte-for-byte
server/internal/isppresets/ranges/international/Bigcommerce Inc.txt,apps/daemon/internal/isppresets/ranges/international/Bigcommerce Inc.txt,labs/daemon/modules/isppresets/ranges/international/Bigcommerce Inc.txt,ec2dc94a8bf756bc92966c4f7c281dd3a25f07ba0b4fdfeff48d9c1ce8fa5a4e,347,preserved-byte-for-byte
server/internal/isppresets/ranges/international/Fastly ip ranges.txt,apps/daemon/internal/isppresets/ranges/international/Fastly ip ranges.txt,labs/daemon/modules/isppresets/ranges/international/Fastly ip ranges.txt,83b7a1f7efcf0aaaa05112bda2ba661ab3c7f57a80569edf9fe99d5a5e1eb890,89,preserved-byte-for-byte
"server/internal/isppresets/ranges/international/Figma, Inc..txt","apps/daemon/internal/isppresets/ranges/international/Figma, Inc..txt","labs/daemon/modules/isppresets/ranges/international/Figma, Inc..txt",faf43e788fb8a73c8855f4e46fde082832f6b5a9c8ef24ca7b2c3af15f82fed5,16,preserved-byte-for-byte
server/internal/isppresets/ranges/international/Health Market Science_mtn.txt,apps/daemon/internal/isppresets/ranges/international/Health Market Science_mtn.txt,labs/daemon/modules/isppresets/ranges/international/Health Market Science_mtn.txt,42d35d3409ca8e00902c60c3f3dfe8d45c24f6ffaa304811e8bd7a831a4f3081,60,preserved-byte-for-byte
"server/internal/isppresets/ranges/international/HubSpot, Inc..txt","apps/daemon/internal/isppresets/ranges/international/HubSpot, Inc..txt","labs/daemon/modules/isppresets/ranges/international/HubSpot, Inc..txt",2253caa2a19df6f0ce5f114ae33cfdf7a4a1d5cd0dbbe06529f1434ff5ed1985,47,preserved-byte-for-byte
server/internal/isppresets/ranges/international/Nocix.txt,apps/daemon/internal/isppresets/ranges/international/Nocix.txt,labs/daemon/modules/isppresets/ranges/international/Nocix.txt,128f6605bf3d75a952023a379741f92e1544858024ebe5af609843d526b39dd3,347,preserved-byte-for-byte
server/internal/isppresets/ranges/international/Oryxlabs Technologies.txt,apps/daemon/internal/isppresets/ranges/international/Oryxlabs Technologies.txt,labs/daemon/modules/isppresets/ranges/international/Oryxlabs Technologies.txt,3a714d0365ab98cd021cb34ed45d963dbbfae9017416539cb22ea81379be84bf,28,preserved-byte-for-byte
server/internal/isppresets/ranges/international/Q2 Softwere.txt,apps/daemon/internal/isppresets/ranges/international/Q2 Softwere.txt,labs/daemon/modules/isppresets/ranges/international/Q2 Softwere.txt,db792038a0a2f96db240d5656be37daf79e3754a5158366f5d10841794888fa7,69,preserved-byte-for-byte
server/internal/isppresets/ranges/international/RAPIDSEEDBOX.txt,apps/daemon/internal/isppresets/ranges/international/RAPIDSEEDBOX.txt,labs/daemon/modules/isppresets/ranges/international/RAPIDSEEDBOX.txt,84ff25879d9ea0c8e74a395a6e1c3560b07329325fade4a77a285e40dfa97007,264,preserved-byte-for-byte
server/internal/isppresets/ranges/international/Squiz Pty Ltd.txt,apps/daemon/internal/isppresets/ranges/international/Squiz Pty Ltd.txt,labs/daemon/modules/isppresets/ranges/international/Squiz Pty Ltd.txt,456705e2a216d152649224ea46b37a3b9e7f7506220a61fbf426eb23b850dd06,28,preserved-byte-for-byte
"server/internal/isppresets/ranges/international/Webflow, Inc.mci.txt","apps/daemon/internal/isppresets/ranges/international/Webflow, Inc.mci.txt","labs/daemon/modules/isppresets/ranges/international/Webflow, Inc.mci.txt",fb6fec0a5f89ef072358843085b4c486eb37908d43c518d73266414b0a793376,17,preserved-byte-for-byte
server/internal/isppresets/ranges/international/Weebly_mci.txt,apps/daemon/internal/isppresets/ranges/international/Weebly_mci.txt,labs/daemon/modules/isppresets/ranges/international/Weebly_mci.txt,79c3f227b240e3ad2f63595ffd0ab9ab152a497555c6f3fa556621510349b74f,64,preserved-byte-for-byte
server/internal/isppresets/ranges/international/ZAYMER PJSC Russia.txt,apps/daemon/internal/isppresets/ranges/international/ZAYMER PJSC Russia.txt,labs/daemon/modules/isppresets/ranges/international/ZAYMER PJSC Russia.txt,6ab49b238b3891658d21ece11825fc79d91a03de7d38af8963d2e153fc7c356c,61,preserved-byte-for-byte
server/internal/isppresets/ranges/international/ip-aeza.txt,apps/daemon/internal/isppresets/ranges/international/ip-aeza.txt,labs/daemon/modules/isppresets/ranges/international/ip-aeza.txt,8d0f8ef20ddd2ca5093d4b241184e184adb322611032f198fdbf882cdf877069,3142,preserved-byte-for-byte
server/internal/isppresets/ranges/international/upcloud_range.txt,apps/daemon/internal/isppresets/ranges/international/upcloud_range.txt,labs/daemon/modules/isppresets/ranges/international/upcloud_range.txt,9de09b4d2ba1381415c2983ad9ee06d2a6c34de5b38a5c2a8bbb70c571b19361,236,preserved-byte-for-byte
server/internal/isppresets/ranges/iran/Afranet.txt,apps/daemon/internal/isppresets/ranges/iran/Afranet.txt,labs/daemon/modules/isppresets/ranges/iran/Afranet.txt,1a1390e0c3d5b79d83e0a461e5ea5ba74fe463bd849bb472a52f0cbd56132dcb,170,preserved-byte-for-byte
server/internal/isppresets/ranges/iran/AsiaTech-ip-CF.txt,apps/daemon/internal/isppresets/ranges/iran/AsiaTech-ip-CF.txt,labs/daemon/modules/isppresets/ranges/iran/AsiaTech-ip-CF.txt,7ea614f73afff68f6c4ce1a492ee8688b5b6a29d041412ae6a2b2916a7499595,559,preserved-byte-for-byte
server/internal/isppresets/ranges/iran/Iran Telecommunication Company PJS.txt,apps/daemon/internal/isppresets/ranges/iran/Iran Telecommunication Company PJS.txt,labs/daemon/modules/isppresets/ranges/iran/Iran Telecommunication Company PJS.txt,357c502e99c556cf8ec345ed91656cf75e72ecb1dc014801707df641d71c0295,5987,preserved-byte-for-byte
server/internal/isppresets/ranges/iran/Mizban Dade.txt,apps/daemon/internal/isppresets/ranges/iran/Mizban Dade.txt,labs/daemon/modules/isppresets/ranges/iran/Mizban Dade.txt,0d5fbb4b9f4a17040d1553da44ae5e0e05a2fb68ce146ade3c6c70a4f8b3a898,79,preserved-byte-for-byte
server/internal/isppresets/ranges/iran/MnageIt.txt,apps/daemon/internal/isppresets/ranges/iran/MnageIt.txt,labs/daemon/modules/isppresets/ranges/iran/MnageIt.txt,72f023925370e0a354204a590142e8b8a0d79f985259ec4a291c8c6aec4c6020,342,preserved-byte-for-byte
server/internal/isppresets/ranges/iran/Noyan Abr Arvan Co_1.txt,apps/daemon/internal/isppresets/ranges/iran/Noyan Abr Arvan Co_1.txt,labs/daemon/modules/isppresets/ranges/iran/Noyan Abr Arvan Co_1.txt,25c7dc961b8a02a75d4e2aaf1986a597ff1b479c7b42989277ca169ecd37d2ec,1006,preserved-byte-for-byte
server/internal/isppresets/ranges/iran/Noyan Abr Arvan Co_2.txt,apps/daemon/internal/isppresets/ranges/iran/Noyan Abr Arvan Co_2.txt,labs/daemon/modules/isppresets/ranges/iran/Noyan Abr Arvan Co_2.txt,4972b38f0c267ac9161ee55a3e3826b0895834508e9d62992a8399d5755c94fe,1033,preserved-byte-for-byte
server/internal/isppresets/ranges/iran/Noyan Abr Arvan Co_3.txt,apps/daemon/internal/isppresets/ranges/iran/Noyan Abr Arvan Co_3.txt,labs/daemon/modules/isppresets/ranges/iran/Noyan Abr Arvan Co_3.txt,102dcc42d60c7ca46825f059299557ae9514b185a850a484e6ae1d09e381713a,342,preserved-byte-for-byte
server/internal/isppresets/ranges/iran/Pars Abr.txt,apps/daemon/internal/isppresets/ranges/iran/Pars Abr.txt,labs/daemon/modules/isppresets/ranges/iran/Pars Abr.txt,615942649a3f9cb70df682f23340bb5ca662bf88728e04c875051dc743dcd463,416,preserved-byte-for-byte
server/internal/isppresets/ranges/iran/Pars Online.txt,apps/daemon/internal/isppresets/ranges/iran/Pars Online.txt,labs/daemon/modules/isppresets/ranges/iran/Pars Online.txt,cd63d21e0a74757c9171ee08cdfdc07600ff14cd5db5f514646b4dbb2c0db8bd,103,preserved-byte-for-byte
server/internal/isppresets/ranges/iran/Respina.txt,apps/daemon/internal/isppresets/ranges/iran/Respina.txt,labs/daemon/modules/isppresets/ranges/iran/Respina.txt,3eee335df991f0d0b574ab2acd42c9c31595903d73eaf0f23b83f6bbb4d8ac47,5941,preserved-byte-for-byte
server/internal/isppresets/ranges/iran/Tookan.txt,apps/daemon/internal/isppresets/ranges/iran/Tookan.txt,labs/daemon/modules/isppresets/ranges/iran/Tookan.txt,7fb233f69065f534e15f6d7ccf4213e47e3f9d682101df7e49283d32d0d6318b,95,preserved-byte-for-byte
server/internal/mobile/README.android.md,apps/daemon/internal/mobile/README.android.md,labs/daemon/modules/mobile/README.android.md,8a7509ef2343433f245a75783bac5c5a62c195b65e588bf04820389fc491f154,100,preserved-byte-for-byte
server/internal/mobile/android_root.go,apps/daemon/internal/mobile/android_root.go,labs/daemon/modules/mobile/android_root.go,514d0e605eadd108ce061a330196fce2612f7d56cc14fe3ce9535cb135df03e0,1993,preserved-byte-for-byte
server/internal/mobile/android_standard.go,apps/daemon/internal/mobile/android_standard.go,labs/daemon/modules/mobile/android_standard.go,4558e3727977e9751465ce97c7d361a79c22824ec49ba07c1a182dc444f1d322,1820,preserved-byte-for-byte
server/internal/mobile/app_lister.go,apps/daemon/internal/mobile/app_lister.go,labs/daemon/modules/mobile/app_lister.go,9ea7c49f7ab0323d2cd06ed8ab9756845d3a59179e4cad844652d0bc1a3719cc,240,preserved-byte-for-byte
server/internal/mobile/routes.go,apps/daemon/internal/mobile/routes.go,labs/daemon/modules/mobile/routes.go,cd5199103bc35fcd16403e4ec21366b6121b43a3419eecb9e84b1bb1962fd8dc,1248,preserved-byte-for-byte
server/internal/mobile/uid_lookup.go,apps/daemon/internal/mobile/uid_lookup.go,labs/daemon/modules/mobile/uid_lookup.go,4afafecf8993c4f03c75c44bf38070f2fb0a9f0d253dd966570675c265131557,386,preserved-byte-for-byte
server/internal/mobile/uid_lookup_test.go,apps/daemon/internal/mobile/uid_lookup_test.go,labs/daemon/modules/mobile/uid_lookup_test.go,39d40efe62bba73d8a6d8ad81b22a98438cf53e1397ae5daa661dd0368dc486a,757,preserved-byte-for-byte
server/internal/netutil/netmonitor.go,apps/daemon/internal/netutil/netmonitor.go,labs/daemon/modules/netutil/netmonitor.go,4379db2816f598dacb91db3f7f561e7b3ea97c106ac271ae41fbf4a27bd840c5,6160,preserved-byte-for-byte
server/internal/netutil/portregistry.go,apps/daemon/internal/netutil/portregistry.go,labs/daemon/modules/netutil/portregistry.go,233c540fd2c773dacdf81446bc1bc3ad2f37499d0c333aa30258c611dbfdfdac,3153,preserved-byte-for-byte
server/internal/netutil/rate_policy.go,apps/daemon/internal/netutil/rate_policy.go,labs/daemon/modules/netutil/rate_policy.go,dfa8da4f710dba8efd979a338d31a9e06cc03faf8332e69d09c73bbd5db0c004,862,preserved-byte-for-byte
server/internal/netutil/rate_policy_test.go,apps/daemon/internal/netutil/rate_policy_test.go,labs/daemon/modules/netutil/rate_policy_test.go,09e7329d6c121cdd5858fd83175024efde19ae5a5cacb5762eb98021e774e097,343,preserved-byte-for-byte
server/internal/netutil/socket_tag.go,apps/daemon/internal/netutil/socket_tag.go,labs/daemon/modules/netutil/socket_tag.go,72a7bb45daf41100150fc0c3c4ec5a3a5a290c5d53e2e64bb05b0aa1e3391478,6596,preserved-byte-for-byte
server/internal/netutil/socket_tag_linux.go,apps/daemon/internal/netutil/socket_tag_linux.go,labs/daemon/modules/netutil/socket_tag_linux.go,67d60ca2b975657c0aa90046edb55339d8e443f559cc21d800e84fb85701af82,978,preserved-byte-for-byte
server/internal/netutil/socket_tag_other.go,apps/daemon/internal/netutil/socket_tag_other.go,labs/daemon/modules/netutil/socket_tag_other.go,ead5e350105ec8a06fd8db6118c8ebf7a8b3f4a09d64f9f5dc8377eb507dcaa3,675,preserved-byte-for-byte
server/internal/p2p/dht_tracker.go,apps/daemon/internal/p2p/dht_tracker.go,labs/daemon/modules/p2p/dht_tracker.go,889f3cda8b850ec65c078099854a1187478d26bcf284141b42d53e27570130bb,3210,preserved-byte-for-byte
server/internal/p2p/discovery.go,apps/daemon/internal/p2p/discovery.go,labs/daemon/modules/p2p/discovery.go,8c17aa3f1ae981802c4feebc466473f9c9c4e77f4fda9c8ea7a9e621b043870a,2518,preserved-byte-for-byte
server/internal/p2p/discovery_test.go,apps/daemon/internal/p2p/discovery_test.go,labs/daemon/modules/p2p/discovery_test.go,f9aee0813a0ca28f371774002f86d7a9cd73ee66e83f692beb1d3420b8da6fcb,699,preserved-byte-for-byte
server/internal/p2p/link_quality.go,apps/daemon/internal/p2p/link_quality.go,labs/daemon/modules/p2p/link_quality.go,d0f6ab3cb3506978e3e1b645ccfcc42850c552014ea25fa57060cce843b2e080,1402,preserved-byte-for-byte
server/internal/p2p/nat_traversal.go,apps/daemon/internal/p2p/nat_traversal.go,labs/daemon/modules/p2p/nat_traversal.go,c55749b6431e87ff6e72f326f734f697fcc6390a3838b12457a963d33a87ece9,1748,preserved-byte-for-byte
server/internal/p2p/pcap_analyzer.go,apps/daemon/internal/p2p/pcap_analyzer.go,labs/daemon/modules/p2p/pcap_analyzer.go,692daf10ca08618bdf3cef501b81417ca220b7dccb8514fe21876e109e340afa,3551,preserved-byte-for-byte
server/internal/p2p/v2ray_assistant.go,apps/daemon/internal/p2p/v2ray_assistant.go,labs/daemon/modules/p2p/v2ray_assistant.go,a315254710d0b4f3916aae4f2874d4995faee0550a789e7126c99d606e7e1332,3813,preserved-byte-for-byte
server/internal/p2p/xnet_overlay.go,apps/daemon/internal/p2p/xnet_overlay.go,labs/daemon/modules/p2p/xnet_overlay.go,fba0b4822d30cff34ade676dbe8740c2f379fcb87925532a5a4735ebbb415504,3457,preserved-byte-for-byte
server/internal/plugins/manager.go,apps/daemon/internal/plugins/manager.go,labs/daemon/modules/plugins/manager.go,fa1e76f655b8902415331a359da4ce58ece48b438e049317cae7c1a904a819ef,3067,preserved-byte-for-byte
server/internal/plugins/registry.go,apps/daemon/internal/plugins/registry.go,labs/daemon/modules/plugins/registry.go,fb31a381d4567c94d8319ab0633250e92ef8f711a3a7a3501c5f4321e372b633,1447,preserved-byte-for-byte
server/internal/plugins/registry_test.go,apps/daemon/internal/plugins/registry_test.go,labs/daemon/modules/plugins/registry_test.go,5f940025a1e984731ac73f65d58277202335def59ce830ee34a330983f9a2714,1069,preserved-byte-for-byte
server/internal/plugins/testdata/wasm_test.wasm,apps/daemon/internal/plugins/testdata/wasm_test.wasm,labs/daemon/modules/plugins/testdata/wasm_test.wasm,65cfb8304220b4f77939565719e748d5cbb76b35dc50f8b88560e30d5ece4f16,21902,preserved-byte-for-byte
server/internal/plugins/wasm_sandbox.go,apps/daemon/internal/plugins/wasm_sandbox.go,labs/daemon/modules/plugins/wasm_sandbox.go,6345fb6c75ac04289e03cbc309283dda756baa178c2c9994d2256ad34ea0f0c6,3323,preserved-byte-for-byte
server/internal/plugins/wasm_sandbox_test.go,apps/daemon/internal/plugins/wasm_sandbox_test.go,labs/daemon/modules/plugins/wasm_sandbox_test.go,8840c546d5081ed1c69f1ad0820cabf3b5df891f0388cb51e1160f057f5bc5d6,1149,preserved-byte-for-byte
server/internal/plugins/wazero_compiler.go,apps/daemon/internal/plugins/wazero_compiler.go,labs/daemon/modules/plugins/wazero_compiler.go,c895b48e47010556e57677116779d9edf7e85c91c8a152647b4da9f8716d0c92,639,preserved-byte-for-byte
server/internal/plugins/wazero_loader.go,apps/daemon/internal/plugins/wazero_loader.go,labs/daemon/modules/plugins/wazero_loader.go,ae3f3628605103ea8e501edb9f17455d5db7a2a0a36cc937d1ea6425dfa9b8d4,2058,preserved-byte-for-byte
server/internal/proxy/mitm/mitm_fronting.go,apps/daemon/internal/proxy/mitm/mitm_fronting.go,labs/daemon/modules/mitm/mitm_fronting.go,018f6bf138de5664358e00e5d55768244f2798dadf0a61e0f6cecf97e8974a0e,4153,preserved-byte-for-byte
server/internal/proxy/mitm/mitm_fronting_advanced_features.go,apps/daemon/internal/proxy/mitm/mitm_fronting_advanced_features.go,labs/daemon/modules/mitm/mitm_fronting_advanced_features.go,82cd084104bfff04dd8adda6229687f3cb01cf195ed2de249c17e8e7037db33d,12249,preserved-byte-for-byte
server/internal/proxy/mitm/mitm_fronting_bandwidth_shaper.go,apps/daemon/internal/proxy/mitm/mitm_fronting_bandwidth_shaper.go,labs/daemon/modules/mitm/mitm_fronting_bandwidth_shaper.go,f4a733117f91af6a82d2d85415452167016eb5619a112c61bf32ae1f67dde10d,14856,preserved-byte-for-byte
server/internal/proxy/mitm/mitm_fronting_bandwidth_shaper_helper.go,apps/daemon/internal/proxy/mitm/mitm_fronting_bandwidth_shaper_helper.go,labs/daemon/modules/mitm/mitm_fronting_bandwidth_shaper_helper.go,91ba06812913b8debb764d5bc0b2989f2ad5d979f467007ddad77e53ffdfb71e,342,preserved-byte-for-byte
server/internal/proxy/mitm/mitm_fronting_bandwidth_shaper_test.go,apps/daemon/internal/proxy/mitm/mitm_fronting_bandwidth_shaper_test.go,labs/daemon/modules/mitm/mitm_fronting_bandwidth_shaper_test.go,8f95a7b7056de0b8008776208e3846d3d3b058a210a0c367e99de22fdaa4a12d,1227,preserved-byte-for-byte
server/internal/proxy/mitm/mitm_fronting_bandwidth_shaper_tuning.go,apps/daemon/internal/proxy/mitm/mitm_fronting_bandwidth_shaper_tuning.go,labs/daemon/modules/mitm/mitm_fronting_bandwidth_shaper_tuning.go,3f978a48eb5df7fd8895b3ed675b475ed19ec65b5532f8b4e047c77576a24e3a,342,preserved-byte-for-byte
server/internal/proxy/mitm/mitm_fronting_bandwidth_shaper_tuning_helper.go,apps/daemon/internal/proxy/mitm/mitm_fronting_bandwidth_shaper_tuning_helper.go,labs/daemon/modules/mitm/mitm_fronting_bandwidth_shaper_tuning_helper.go,1ffb7859b2aa839f2ba33660889dd9e949b8f16d796376a2b6393397a6f58655,360,preserved-byte-for-byte
server/internal/proxy/mitm/mitm_fronting_certificate_authority.go,apps/daemon/internal/proxy/mitm/mitm_fronting_certificate_authority.go,labs/daemon/modules/mitm/mitm_fronting_certificate_authority.go,f495077ea75fdff964f2a4e2a96495389b9e2fa766bced2aaa545321111eb285,13517,preserved-byte-for-byte
server/internal/proxy/mitm/mitm_fronting_certificate_authority_helper.go,apps/daemon/internal/proxy/mitm/mitm_fronting_certificate_authority_helper.go,labs/daemon/modules/mitm/mitm_fronting_certificate_authority_helper.go,04ddad6c9ff91287d0daf8c83e9ba37765c006dcdb47b15468b8a98d0b1891bc,917,preserved-byte-for-byte
server/internal/proxy/mitm/mitm_fronting_certificate_authority_tuning.go,apps/daemon/internal/proxy/mitm/mitm_fronting_certificate_authority_tuning.go,labs/daemon/modules/mitm/mitm_fronting_certificate_authority_tuning.go,8285f4062717776a3c50a02e0bbce1ab4a08c982fb4a8b37a8355639eecf8e38,917,preserved-byte-for-byte
server/internal/proxy/mitm/mitm_fronting_certificate_authority_tuning_helper.go,apps/daemon/internal/proxy/mitm/mitm_fronting_certificate_authority_tuning_helper.go,labs/daemon/modules/mitm/mitm_fronting_certificate_authority_tuning_helper.go,a5228ed35a99d2ab3f0889bca39db7dfa7dead8cf9f8e4c10c7869b383fff18b,966,preserved-byte-for-byte
server/internal/proxy/mitm/mitm_fronting_flow_control.go,apps/daemon/internal/proxy/mitm/mitm_fronting_flow_control.go,labs/daemon/modules/mitm/mitm_fronting_flow_control.go,9945e0c545d3446ea6fcf7b0eba9be5d4842f3705f4923e52e0dc3627054186f,12575,preserved-byte-for-byte
server/internal/proxy/mitm/mitm_fronting_flow_control_helper.go,apps/daemon/internal/proxy/mitm/mitm_fronting_flow_control_helper.go,labs/daemon/modules/mitm/mitm_fronting_flow_control_helper.go,104f976e13aa2c42aa0ba58897952a5c98c603cf2eae2bbaf536c6195d16e1f6,323,preserved-byte-for-byte
server/internal/proxy/mitm/mitm_fronting_flow_control_tuning.go,apps/daemon/internal/proxy/mitm/mitm_fronting_flow_control_tuning.go,labs/daemon/modules/mitm/mitm_fronting_flow_control_tuning.go,9b4c659662491e9ad34fc3e36cd83d685c57fe55403241ea5b0a31432bf490fb,323,preserved-byte-for-byte
server/internal/proxy/mitm/mitm_fronting_flow_control_tuning_helper.go,apps/daemon/internal/proxy/mitm/mitm_fronting_flow_control_tuning_helper.go,labs/daemon/modules/mitm/mitm_fronting_flow_control_tuning_helper.go,2a86cf7579b018194fb61503692712a23454ef85fab3195d9b06b5f1d5276bc8,341,preserved-byte-for-byte
server/internal/proxy/mitm/mitm_fronting_health_monitor.go,apps/daemon/internal/proxy/mitm/mitm_fronting_health_monitor.go,labs/daemon/modules/mitm/mitm_fronting_health_monitor.go,e6e0aad8845a7787f546b4a607b3bd047cf3f3283aa20ce32eb9ba7c661017aa,12943,preserved-byte-for-byte
server/internal/proxy/mitm/mitm_fronting_host_resolver.go,apps/daemon/internal/proxy/mitm/mitm_fronting_host_resolver.go,labs/daemon/modules/mitm/mitm_fronting_host_resolver.go,e24be21a9ab623c525977f71173547bf02d5e4b906085b6aabfe19359e3f1674,13219,preserved-byte-for-byte
server/internal/proxy/mitm/mitm_fronting_host_resolver_alias_test.go,apps/daemon/internal/proxy/mitm/mitm_fronting_host_resolver_alias_test.go,labs/daemon/modules/mitm/mitm_fronting_host_resolver_alias_test.go,10137dc036147080769cd68cf24cd40286e514cba4782376d44ef50c4e770f3b,457,preserved-byte-for-byte
server/internal/proxy/mitm/mitm_fronting_host_resolver_diagnostics.go,apps/daemon/internal/proxy/mitm/mitm_fronting_host_resolver_diagnostics.go,labs/daemon/modules/mitm/mitm_fronting_host_resolver_diagnostics.go,be28402d8b19108de8a4ed9980f0b785a73457997496a892839929af79b953c5,314,preserved-byte-for-byte
server/internal/proxy/mitm/mitm_fronting_host_resolver_helper.go,apps/daemon/internal/proxy/mitm/mitm_fronting_host_resolver_helper.go,labs/daemon/modules/mitm/mitm_fronting_host_resolver_helper.go,c87a4e39d6bbb474bc2e4c47debaf6e1e5913db3262b92f81f18f3181e6efbb1,344,preserved-byte-for-byte
server/internal/proxy/mitm/mitm_fronting_host_resolver_tuning.go,apps/daemon/internal/proxy/mitm/mitm_fronting_host_resolver_tuning.go,labs/daemon/modules/mitm/mitm_fronting_host_resolver_tuning.go,17338d306f1badba79bd41c27526d16a5f728f50b64bea1911fb38f2f4860e61,294,preserved-byte-for-byte
server/internal/proxy/mitm/mitm_fronting_host_resolver_tuning_helper.go,apps/daemon/internal/proxy/mitm/mitm_fronting_host_resolver_tuning_helper.go,labs/daemon/modules/mitm/mitm_fronting_host_resolver_tuning_helper.go,a879a7c09ddaa346fb03432dedf98351be59eca7a8dc30fe0e7a3438e0e0b0f5,319,preserved-byte-for-byte
server/internal/proxy/mitm/mitm_fronting_network_heuristics.go,apps/daemon/internal/proxy/mitm/mitm_fronting_network_heuristics.go,labs/daemon/modules/mitm/mitm_fronting_network_heuristics.go,be410d50c82953a04150bcf4b30459af48a879067f532eab2e9c0fe10d51c8e6,8954,preserved-byte-for-byte
server/internal/proxy/mitm/mitm_fronting_network_statistics.go,apps/daemon/internal/proxy/mitm/mitm_fronting_network_statistics.go,labs/daemon/modules/mitm/mitm_fronting_network_statistics.go,0c10e4b59df4a8d53c9555fd9a08df2d71b31e24b89ed89b3fe4e861a2855e19,11453,preserved-byte-for-byte
server/internal/proxy/mitm/mitm_fronting_network_statistics_helper.go,apps/daemon/internal/proxy/mitm/mitm_fronting_network_statistics_helper.go,labs/daemon/modules/mitm/mitm_fronting_network_statistics_helper.go,480dcb38bedf168b2b269c47f981d605e1b3786788211c206334a3fb2aa59bcd,335,preserved-byte-for-byte
server/internal/proxy/mitm/mitm_fronting_network_statistics_tuning.go,apps/daemon/internal/proxy/mitm/mitm_fronting_network_statistics_tuning.go,labs/daemon/modules/mitm/mitm_fronting_network_statistics_tuning.go,1a2f21c859fb013149826e6cc59439aee3cf2144323f1a863860c67ea657ebee,335,preserved-byte-for-byte
server/internal/proxy/mitm/mitm_fronting_network_statistics_tuning_helper.go,apps/daemon/internal/proxy/mitm/mitm_fronting_network_statistics_tuning_helper.go,labs/daemon/modules/mitm/mitm_fronting_network_statistics_tuning_helper.go,cc89a5c0b6a1f2f428b917f986caf576554484b9b934226d9e9828d2b085ddb4,353,preserved-byte-for-byte
server/internal/proxy/mitm/mitm_fronting_profile_manager.go,apps/daemon/internal/proxy/mitm/mitm_fronting_profile_manager.go,labs/daemon/modules/mitm/mitm_fronting_profile_manager.go,a9c5f9cdb59f9995119077dab37a422904b02bab314261de92a4a1ba4eb00c96,13238,preserved-byte-for-byte
server/internal/proxy/mitm/mitm_fronting_profile_manager_diagnostics.go,apps/daemon/internal/proxy/mitm/mitm_fronting_profile_manager_diagnostics.go,labs/daemon/modules/mitm/mitm_fronting_profile_manager_diagnostics.go,0569880d9b87d2f6b3eadd5725c643cbec7e9cf7d78c871bb7080406f3686e99,13315,preserved-byte-for-byte
server/internal/proxy/mitm/mitm_fronting_profile_manager_diagnostics_helper.go,apps/daemon/internal/proxy/mitm/mitm_fronting_profile_manager_diagnostics_helper.go,labs/daemon/modules/mitm/mitm_fronting_profile_manager_diagnostics_helper.go,1b75305f57212d553066b728650896b0eff949099e39ab962f306d71fc2f6589,396,preserved-byte-for-byte
server/internal/proxy/mitm/mitm_fronting_profile_manager_diagnostics_tuning.go,apps/daemon/internal/proxy/mitm/mitm_fronting_profile_manager_diagnostics_tuning.go,labs/daemon/modules/mitm/mitm_fronting_profile_manager_diagnostics_tuning.go,37f3fae2531c75a55769e25a7bb262876204e00c04e310ddcbe89819e5f257c9,396,preserved-byte-for-byte
server/internal/proxy/mitm/mitm_fronting_profile_manager_diagnostics_tuning_helper.go,apps/daemon/internal/proxy/mitm/mitm_fronting_profile_manager_diagnostics_tuning_helper.go,labs/daemon/modules/mitm/mitm_fronting_profile_manager_diagnostics_tuning_helper.go,9e080afebd505be81dff08db5534d3b1950c76cfdbfa0bba7f8e750398c9b0b8,414,preserved-byte-for-byte
server/internal/proxy/mitm/mitm_fronting_profile_manager_helper.go,apps/daemon/internal/proxy/mitm/mitm_fronting_profile_manager_helper.go,labs/daemon/modules/mitm/mitm_fronting_profile_manager_helper.go,c62eb9389510054ec6ddc0abfdf3662c823da26e4a8e87bbe09fd2c4a725dc60,318,preserved-byte-for-byte
server/internal/proxy/mitm/mitm_fronting_profile_manager_tuning.go,apps/daemon/internal/proxy/mitm/mitm_fronting_profile_manager_tuning.go,labs/daemon/modules/mitm/mitm_fronting_profile_manager_tuning.go,bc6e42633d9960ddc4c6623bf5c578554a0b036eca38ead4a61d3de78e8f3d95,318,preserved-byte-for-byte
server/internal/proxy/mitm/mitm_fronting_profile_manager_tuning_helper.go,apps/daemon/internal/proxy/mitm/mitm_fronting_profile_manager_tuning_helper.go,labs/daemon/modules/mitm/mitm_fronting_profile_manager_tuning_helper.go,81a99b4779e41e80f639746269bf581f362c548e3aa7d4e5bf2dd3deb61e43ed,336,preserved-byte-for-byte
server/internal/proxy/mitm/mitm_fronting_repacker_options.go,apps/daemon/internal/proxy/mitm/mitm_fronting_repacker_options.go,labs/daemon/modules/mitm/mitm_fronting_repacker_options.go,d93e7c161d9c953e9fedd4f1e6c6cd77ca5a3ad8bc63d2dfbbf268b7a6266fa5,11714,preserved-byte-for-byte
server/internal/proxy/mitm/mitm_fronting_repacker_options_helper.go,apps/daemon/internal/proxy/mitm/mitm_fronting_repacker_options_helper.go,labs/daemon/modules/mitm/mitm_fronting_repacker_options_helper.go,76e27fb27acf49ed2a3b72764a690f5eeb01cdf56afa4f9e79562280e49ff7fc,317,preserved-byte-for-byte
server/internal/proxy/mitm/mitm_fronting_repacker_options_tuning.go,apps/daemon/internal/proxy/mitm/mitm_fronting_repacker_options_tuning.go,labs/daemon/modules/mitm/mitm_fronting_repacker_options_tuning.go,99b242ad0957d6aa0a9a93d34e52d96b9a77f5d4b73a5b92444b5576194394dc,317,preserved-byte-for-byte
server/internal/proxy/mitm/mitm_fronting_repacker_options_tuning_helper.go,apps/daemon/internal/proxy/mitm/mitm_fronting_repacker_options_tuning_helper.go,labs/daemon/modules/mitm/mitm_fronting_repacker_options_tuning_helper.go,1e41103510d6520a7e8dfcccb51a1352462a4cecf1b338104e77833a9b52d209,335,preserved-byte-for-byte
server/internal/proxy/mitm/mitm_fronting_route_optimizer.go,apps/daemon/internal/proxy/mitm/mitm_fronting_route_optimizer.go,labs/daemon/modules/mitm/mitm_fronting_route_optimizer.go,49043d2058b56d7b7df849f0de9d6f403fdc8321e5a835633830ddf587f8df3d,13112,preserved-byte-for-byte
server/internal/proxy/mitm/mitm_fronting_route_optimizer_helper.go,apps/daemon/internal/proxy/mitm/mitm_fronting_route_optimizer_helper.go,labs/daemon/modules/mitm/mitm_fronting_route_optimizer_helper.go,5921a233294f5783593e075b6d1a3a70c3666d4eca7e4676e05696132a126c26,306,preserved-byte-for-byte
server/internal/proxy/mitm/mitm_fronting_route_optimizer_tuning.go,apps/daemon/internal/proxy/mitm/mitm_fronting_route_optimizer_tuning.go,labs/daemon/modules/mitm/mitm_fronting_route_optimizer_tuning.go,cfed77891500490a96a7ca92ece8fafd659c76e38a7a8b4fd0668209d235a63f,306,preserved-byte-for-byte
server/internal/proxy/mitm/mitm_fronting_route_optimizer_tuning_helper.go,apps/daemon/internal/proxy/mitm/mitm_fronting_route_optimizer_tuning_helper.go,labs/daemon/modules/mitm/mitm_fronting_route_optimizer_tuning_helper.go,d7819baf1451fa4ebc3538628164379bfde1c495be58650064ca39e022253b85,324,preserved-byte-for-byte
server/internal/proxy/mitm/mitm_fronting_socks_server.go,apps/daemon/internal/proxy/mitm/mitm_fronting_socks_server.go,labs/daemon/modules/mitm/mitm_fronting_socks_server.go,db03999868674c3f94a58723f5790e79ae38a7a12f6d31d102e1c8859655e8ab,12788,preserved-byte-for-byte
server/internal/proxy/mitm/mitm_fronting_socks_server_helper.go,apps/daemon/internal/proxy/mitm/mitm_fronting_socks_server_helper.go,labs/daemon/modules/mitm/mitm_fronting_socks_server_helper.go,ba0454e0a65ef270138a8c54b5ec9cd90355e163a833a1666dd14052633b8725,305,preserved-byte-for-byte
server/internal/proxy/mitm/mitm_fronting_socks_server_tuning.go,apps/daemon/internal/proxy/mitm/mitm_fronting_socks_server_tuning.go,labs/daemon/modules/mitm/mitm_fronting_socks_server_tuning.go,8139008d9f1bb0ce1b8d52ecd5820fae7864b6b18841d986b03c4874e6946cf6,305,preserved-byte-for-byte
server/internal/proxy/mitm/mitm_fronting_socks_server_tuning_helper.go,apps/daemon/internal/proxy/mitm/mitm_fronting_socks_server_tuning_helper.go,labs/daemon/modules/mitm/mitm_fronting_socks_server_tuning_helper.go,d106832d34784b6ded0b471dd7c801c8441b5461cb050275e53805082627debf,323,preserved-byte-for-byte
server/internal/proxy/mitm/mitm_fronting_test.go,apps/daemon/internal/proxy/mitm/mitm_fronting_test.go,labs/daemon/modules/mitm/mitm_fronting_test.go,4d9abe481e2eecd3d4b3e7401b0eb5f15ae2b4151369c3047b7abae80b344eae,901,preserved-byte-for-byte
server/internal/proxy/mitm/mitm_fronting_tls_dialer.go,apps/daemon/internal/proxy/mitm/mitm_fronting_tls_dialer.go,labs/daemon/modules/mitm/mitm_fronting_tls_dialer.go,b60276cad10a00a1702770a2f17114388503778c85cecd8471840f0b91ea0041,7338,preserved-byte-for-byte
server/internal/proxy/mitm/mitm_fronting_tunnel_client.go,apps/daemon/internal/proxy/mitm/mitm_fronting_tunnel_client.go,labs/daemon/modules/mitm/mitm_fronting_tunnel_client.go,7236de8a31b2a66aaf65049526f1de3f885fa8f7e3efe8f2a8f8db788563466c,13118,preserved-byte-for-byte
server/internal/qos/l7_protocols.go,apps/daemon/internal/qos/l7_protocols.go,labs/daemon/modules/qos/l7_protocols.go,2c45c3c6dc804852240e31b04a8ff76e02002e4d1494fef582bad3eea3a2e241,3634,preserved-byte-for-byte
server/internal/qos/l7_snake_client.go,apps/daemon/internal/qos/l7_snake_client.go,labs/daemon/modules/qos/l7_snake_client.go,48f0e83e19a2127f9a171b33926013b685a932893dfc4b3e66b272e837c64352,4390,preserved-byte-for-byte
server/internal/qos/shaper.go,apps/daemon/internal/qos/shaper.go,labs/daemon/modules/qos/shaper.go,e71537e49eeff474c099596cded726209652dcda3ad7fc5c26f764ffcb2f0e8f,869,preserved-byte-for-byte
server/internal/qos/shaper_test.go,apps/daemon/internal/qos/shaper_test.go,labs/daemon/modules/qos/shaper_test.go,b595ef4c64369e4fa1fd71f1692f109959d5e2e5a8b3633355d3f0d80a033b31,333,preserved-byte-for-byte
server/internal/relay/chain.go,apps/daemon/internal/relay/chain.go,labs/daemon/modules/relay/chain.go,6857eac673ef84d8fb1da3b685929ec37f90ceaa751327dbc664f66a2c033256,1628,preserved-byte-for-byte
server/internal/relay/chain_test.go,apps/daemon/internal/relay/chain_test.go,labs/daemon/modules/relay/chain_test.go,bfaad67c479bf9d031dceb813034d92b845836931eb9eba5c5e99724e598dbc5,1077,preserved-byte-for-byte
server/internal/relay/relay.go,apps/daemon/internal/relay/relay.go,labs/daemon/modules/relay/relay.go,671415b5f2d9c0a66177ed3ec02ecc6c6bcedae90f3ab9fea9e18e36e9c6a878,4886,preserved-byte-for-byte
server/internal/relay/throttle.go,apps/daemon/internal/relay/throttle.go,labs/daemon/modules/relay/throttle.go,0343db92df70c28937b85f31fe9e6fb92ba39170f6c0297bb7b1a7bdd3487e1c,5213,preserved-byte-for-byte
server/internal/relay/throttle_test.go,apps/daemon/internal/relay/throttle_test.go,labs/daemon/modules/relay/throttle_test.go,6110aba207ee399dd034b53691f600124922b7ecf04252369305067e0429f151,1256,preserved-byte-for-byte
server/internal/relay/xhttp_relay.go,apps/daemon/internal/relay/xhttp_relay.go,labs/daemon/modules/relay/xhttp_relay.go,ed91b41de9ff6127f1c94f235c728837f64b32029214ce713d308dba033afc12,13805,preserved-byte-for-byte
server/internal/scan/plan.go,apps/daemon/internal/scan/plan.go,labs/daemon/modules/scan/plan.go,1994272e0dd01a74614ef2a23e23179aacab2c0b0b67068c350c2ce61b4e5428,635,preserved-byte-for-byte
server/internal/scan/scanner.go,apps/daemon/internal/scan/scanner.go,labs/daemon/modules/scan/scanner.go,5f1bd6e19eb48b3376511a8f21daad5c1622bc1b2c05290a3dac226106c4add6,314,preserved-byte-for-byte
server/internal/scan/scanner_test.go,apps/daemon/internal/scan/scanner_test.go,labs/daemon/modules/scan/scanner_test.go,38d849046536bcdb73e43b2bcfe3e5c25a1371a2a0f8a4f57797792422319b77,2910,preserved-byte-for-byte
server/internal/securefs/securefs.go,apps/daemon/internal/securefs/securefs.go,labs/daemon/modules/securefs/securefs.go,a47aeac84faf58f02d7a2a1af5049bd9eb348aa4d82098fa43da3dbb85fa1318,1110,preserved-byte-for-byte
server/internal/securefs/securefs_linux.go,apps/daemon/internal/securefs/securefs_linux.go,labs/daemon/modules/securefs/securefs_linux.go,c1188deb0e7cc0c1ff78ac9956b3345edbfe182992d9e3a81f96589c90d4ef29,3492,preserved-byte-for-byte
server/internal/securefs/securefs_other.go,apps/daemon/internal/securefs/securefs_other.go,labs/daemon/modules/securefs/securefs_other.go,e69db1ee0f8925f3889790a0a55775b7ee9877092881fbefb56f37f17cd4e40d,2329,preserved-byte-for-byte
server/internal/securefs/securefs_test.go,apps/daemon/internal/securefs/securefs_test.go,labs/daemon/modules/securefs/securefs_test.go,fe9abc7b9a5cf78870f547d62a045472e02a3f085f3e58c8342853d18e9a4f8b,1104,preserved-byte-for-byte
server/internal/securefs/vault.go,apps/daemon/internal/securefs/vault.go,labs/daemon/modules/securefs/vault.go,2c65d1da9b7ceb30f08f4aa67588cb65a819ae2e8a09ef781d5b71bcf612aea7,1923,preserved-byte-for-byte
server/internal/securefs/vault_test.go,apps/daemon/internal/securefs/vault_test.go,labs/daemon/modules/securefs/vault_test.go,1e9d6fe8b6c7d62703df4fa5e338dc3df4065b48e30df48a545abef04ff1ad66,905,preserved-byte-for-byte
server/internal/security/anomaly_detector.go,apps/daemon/internal/security/anomaly_detector.go,labs/daemon/modules/security/anomaly_detector.go,4b77ae2e368ff8af316fe62ffc3417413431cd3f914f5f2dc5a0afd5fec91dd3,9212,preserved-byte-for-byte
server/internal/security/anomaly_detector_test.go,apps/daemon/internal/security/anomaly_detector_test.go,labs/daemon/modules/security/anomaly_detector_test.go,e79461fb014071d53052c387d4976a7f0da993d7c2f78a112fff02a7c57cc37b,3012,preserved-byte-for-byte
server/internal/security/cf_solver.go,apps/daemon/internal/security/cf_solver.go,labs/daemon/modules/security/cf_solver.go,7dad406911d6e30a54e2b28d7d77981b8fb2da715c46c3cf005975a202b6ed19,2573,preserved-byte-for-byte
server/internal/security/dhcp_spoofing_detector.go,apps/daemon/internal/security/dhcp_spoofing_detector.go,labs/daemon/modules/security/dhcp_spoofing_detector.go,25c01c4054c085df1c04e0770ef22e699b9e1b6e8d92854852a437b307a59c78,722,preserved-byte-for-byte
server/internal/security/firewalla_inspector.go,apps/daemon/internal/security/firewalla_inspector.go,labs/daemon/modules/security/firewalla_inspector.go,a2427a27f4d27d1d0ca76d3fa8721b0d57c7e24882e4e1a6b442862da230f30c,1549,preserved-byte-for-byte
server/internal/security/ip_analyser.go,apps/daemon/internal/security/ip_analyser.go,labs/daemon/modules/security/ip_analyser.go,ddc2199191b3982ffa501b7db802d55ee55209d1ba0552d3faee920a5f27ebb1,1971,preserved-byte-for-byte
server/internal/security/mem_db_logger.go,apps/daemon/internal/security/mem_db_logger.go,labs/daemon/modules/security/mem_db_logger.go,4defe1a1a7e99179898c6a08a125026607fb3b5f57e630ec098de7a45b0c1b20,1823,preserved-byte-for-byte
server/internal/security/tshark_defense.go,apps/daemon/internal/security/tshark_defense.go,labs/daemon/modules/security/tshark_defense.go,4c23652bd217c216418b5544802ef7c75c442e3d03cbadc66662413672e5c537,1814,preserved-byte-for-byte
server/internal/security/vuln_scanner.py,apps/daemon/internal/security/vuln_scanner.py,labs/daemon/modules/security/vuln_scanner.py,d3f8a204e79153fb443cf66d7a5c4f3a9a2ad16b8a68e19aea4c8fdb3585e1e2,261,preserved-byte-for-byte
server/internal/sniinject/fake_client_hello.go,apps/daemon/internal/sniinject/fake_client_hello.go,labs/daemon/modules/sniinject/fake_client_hello.go,8dec998e2fd506e2b4911d3e9dca1701bed04c068f8ad1fca6f537c153855d7f,14430,preserved-byte-for-byte
server/internal/sniinject/injector.go,apps/daemon/internal/sniinject/injector.go,labs/daemon/modules/sniinject/injector.go,6d2c186dbf8b91a0e1355aa1fdf19652b45de878c0f4a7e44c6dfda9e585d54f,896,preserved-byte-for-byte
server/internal/sniinject/injector_test.go,apps/daemon/internal/sniinject/injector_test.go,labs/daemon/modules/sniinject/injector_test.go,eeaafb7488704fc97aab512ddb526cab224525fe29a379fdc9798dd0a37034b4,868,preserved-byte-for-byte
server/internal/stats/apermon.go,apps/daemon/internal/stats/apermon.go,labs/daemon/modules/stats/apermon.go,4fe4981accf5a57cca9fb005fec9ccbd38c0d19e15df8f8af0729077fd4eb1b6,2528,preserved-byte-for-byte
server/internal/stats/connection_ticker.go,apps/daemon/internal/stats/connection_ticker.go,labs/daemon/modules/stats/connection_ticker.go,e3c5eef714e6e9894ffdbcc3765bb295875f6a0fc870de2ba19afdf69eca10d1,5682,preserved-byte-for-byte
server/internal/stats/crypto_lab.go,apps/daemon/internal/stats/crypto_lab.go,labs/daemon/modules/stats/crypto_lab.go,8bc81df1788a5f6bcc85a6b315f6b20e42a9e86e8951a1c665fa11c6c0ef1db2,6108,preserved-byte-for-byte
server/internal/stats/haproxy.go,apps/daemon/internal/stats/haproxy.go,labs/daemon/modules/stats/haproxy.go,67c61f7c10670491db39dcb8de09e826e39b6ed11f1bec332ec059462365c921,1745,preserved-byte-for-byte
server/internal/stats/process_proxy_monitor.go,apps/daemon/internal/stats/process_proxy_monitor.go,labs/daemon/modules/stats/process_proxy_monitor.go,fd16e166e764ada2b09ff6ab740406c68044db4adbe0b29e39488c989acfd10e,1892,preserved-byte-for-byte
server/internal/stats/tailscale_diagnostic.go,apps/daemon/internal/stats/tailscale_diagnostic.go,labs/daemon/modules/stats/tailscale_diagnostic.go,e92f91e294595627b840b14c6266b6245b6239a6f805490622c974ebf99dbf2a,1679,preserved-byte-for-byte
server/internal/stats/uptime_monitor.go,apps/daemon/internal/stats/uptime_monitor.go,labs/daemon/modules/stats/uptime_monitor.go,d6cf4049ca8bceef30ce3dbf375e7db6909902c7bd23473cede6504be5970832,2627,preserved-byte-for-byte
server/internal/telemetry/network_diagnostic_tools.go,apps/daemon/internal/telemetry/network_diagnostic_tools.go,labs/daemon/modules/telemetry/network_diagnostic_tools.go,5487c88f12d0730ab42746b394ecff41a710fc731f4581d8b52797431bb930ed,2449,preserved-byte-for-byte
server/internal/telemetry/openapi_gen.go,apps/daemon/internal/telemetry/openapi_gen.go,labs/daemon/modules/telemetry/openapi_gen.go,a9e6ae0b924b6f83243a4585fef4a438f524293c4a473ef85262205ce235a62a,2632,preserved-byte-for-byte
server/internal/telemetry/ring_buffer.go,apps/daemon/internal/telemetry/ring_buffer.go,labs/daemon/modules/telemetry/ring_buffer.go,a795076bac7a59685a775f09e99c3cb46bb9ddc2750a5ab85e7cb742553579ee,1716,preserved-byte-for-byte
server/internal/telemetry/ring_buffer_test.go,apps/daemon/internal/telemetry/ring_buffer_test.go,labs/daemon/modules/telemetry/ring_buffer_test.go,339d22891b9a2e33867bd015d8d2f2b687af29ad537e7924fc2f87e0a03c5c06,959,preserved-byte-for-byte
server/internal/tls/cert_storage.go,apps/daemon/internal/tls/cert_storage.go,labs/daemon/modules/tls/cert_storage.go,557b8b6f2288d536a6afe5dc5f6cdd6f1ed614599e8da82bdb03dea807239d7c,1203,preserved-byte-for-byte
server/internal/tui/tui.go,apps/daemon/internal/tui/tui.go,labs/daemon/modules/tui/tui.go,89d6d130e07d006acbb66d6a0a6f22b5e53bf98c8bffbdf9ca19bdcb0a36692a,7820,preserved-byte-for-byte
server/internal/tui/tui_test.go,apps/daemon/internal/tui/tui_test.go,labs/daemon/modules/tui/tui_test.go,275ee50cb989f1619577d30c25267a25288ac21b47831e6ba93e4027a3339234,420,preserved-byte-for-byte
server/internal/tunnel/tunnel.go,apps/daemon/internal/tunnel/tunnel.go,labs/daemon/modules/tunnel/tunnel.go,8c1c5dcbd7cc991aee48cbfd9ddb321cbbc8640df18251abcfb5c894cc95c787,7181,preserved-byte-for-byte
server/internal/tunnel/tunnel_test.go,apps/daemon/internal/tunnel/tunnel_test.go,labs/daemon/modules/tunnel/tunnel_test.go,c1d81589606ce8f8c2e0e78afeb7f2af44f87b1b1d425586c66353c3d60729df,2011,preserved-byte-for-byte
server/internal/ui/amnezia_wg_model.go,apps/daemon/internal/ui/amnezia_wg_model.go,labs/daemon/modules/ui/amnezia_wg_model.go,53f18f04c13cb7bb6a1fb090918ed90a505158e9fce6fa363cacc23341243a22,12785,preserved-byte-for-byte
server/internal/ui/amnezia_wg_params.go,apps/daemon/internal/ui/amnezia_wg_params.go,labs/daemon/modules/ui/amnezia_wg_params.go,03ba0fe8f9c1a19f925ca9ad49a4d3933cf79284c24744862380d3cb7baaa73a,5912,preserved-byte-for-byte
server/internal/ui/awg_config.go,apps/daemon/internal/ui/awg_config.go,labs/daemon/modules/ui/awg_config.go,9439c0296eb09fd6a513057002a6287f53b5a6f27d1912cef7583255f373033c,3485,preserved-byte-for-byte
server/internal/ui/awg_key_generator.go,apps/daemon/internal/ui/awg_key_generator.go,labs/daemon/modules/ui/awg_key_generator.go,fcc4ca05bfdf1b006b52f7e6019688a821d219a7c2ae0b60a78117d6519c89ca,1853,preserved-byte-for-byte
server/internal/ui/awg_models.go,apps/daemon/internal/ui/awg_models.go,labs/daemon/modules/ui/awg_models.go,5138be9dbd0c646f42f60f28b360d512dd61d7e47e9f9dc4c22ac4012eed5c8d,11716,preserved-byte-for-byte
server/internal/ui/mtproto_config.go,apps/daemon/internal/ui/mtproto_config.go,labs/daemon/modules/ui/mtproto_config.go,a9bab0319651b1fbeed08b712e883bb9cb4c50f84d9c82bbd2329cb69874dded,2818,preserved-byte-for-byte
server/internal/ui/netmanager_locale.go,apps/daemon/internal/ui/netmanager_locale.go,labs/daemon/modules/ui/netmanager_locale.go,11b4103a8349fc89cf3edc7549f1ae10ed9cf42b383475ff36b175b5cbfea753,3423,preserved-byte-for-byte
server/internal/ui/netmanager_settings.go,apps/daemon/internal/ui/netmanager_settings.go,labs/daemon/modules/ui/netmanager_settings.go,54538d9f5263843e740d8f5104b3c2b5509b42fd704199ea35bd5f4ecb90f9c9,9131,preserved-byte-for-byte
server/internal/ui/networkmanager_core.go,apps/daemon/internal/ui/networkmanager_core.go,labs/daemon/modules/ui/networkmanager_core.go,3b220cc1f10d29166fe87b39db85786551dac9e33783222d3a21f063d9596fa6,6864,preserved-byte-for-byte
server/internal/ui/subscription_node.go,apps/daemon/internal/ui/subscription_node.go,labs/daemon/modules/ui/subscription_node.go,0044095ec8f5b4af2bbad755c98dd8562a419827f9d906b07ca1a69fd76dc56b,1188,preserved-byte-for-byte
server/internal/ui/uitemplates_configs.go,apps/daemon/internal/ui/uitemplates_configs.go,labs/daemon/modules/ui/uitemplates_configs.go,baf84f8d207f08367578b3525ceaaac0e5e5eb9846b0c018f534061c96828cae,7547,preserved-byte-for-byte
server/internal/ui/xui_models.go,apps/daemon/internal/ui/xui_models.go,labs/daemon/modules/ui/xui_models.go,a9bbcfd25c34d036c31afa6f33f0f4981ffc9cfec32fbff75611027a81531ea8,8606,preserved-byte-for-byte
server/internal/ui/xui_panel_model.go,apps/daemon/internal/ui/xui_panel_model.go,labs/daemon/modules/ui/xui_panel_model.go,6e1b5f999a93b75b2e032c864ff702cd8a26795d424cebed9c35b85a7feb3490,11724,preserved-byte-for-byte
server/internal/ui/xui_subscription.go,apps/daemon/internal/ui/xui_subscription.go,labs/daemon/modules/ui/xui_subscription.go,fa2bee3653c45f92027aa5f7f8052c25d0bce22baf9829f05ad26ec1cc07c215,10860,preserved-byte-for-byte
server/internal/ui/xui_update.go,apps/daemon/internal/ui/xui_update.go,labs/daemon/modules/ui/xui_update.go,9349bd26371684e61eab881f96b6288cbbc9b5f5eef7041695c46b27ea6822db,1828,preserved-byte-for-byte
server/internal/v2rayconfig/v2ray_client_wrapper.go,apps/daemon/internal/v2rayconfig/v2ray_client_wrapper.go,labs/daemon/modules/v2rayconfig/v2ray_client_wrapper.go,34c9fbc0e157d4b806df225a0045551600cd29b09049eec4bf15cf4c33df3b42,1896,preserved-byte-for-byte
server/internal/v2rayconfig/v2ray_client_wrapper_test.go,apps/daemon/internal/v2rayconfig/v2ray_client_wrapper_test.go,labs/daemon/modules/v2rayconfig/v2ray_client_wrapper_test.go,f420f48d4f700d77c000a89b4c3ea519a7363fb8d8d3f99f4c073d19e5e7c743,981,preserved-byte-for-byte
server/internal/v2rayconfig/v2ray_core_helpers.go,apps/daemon/internal/v2rayconfig/v2ray_core_helpers.go,labs/daemon/modules/v2rayconfig/v2ray_core_helpers.go,5d3454115191b0e3dc7c4800b5bf02c73604dc490b21cc18593d236397530082,3143,preserved-byte-for-byte
server/internal/v2rayconfig/v2ray_core_helpers_test.go,apps/daemon/internal/v2rayconfig/v2ray_core_helpers_test.go,labs/daemon/modules/v2rayconfig/v2ray_core_helpers_test.go,bb82a3748c3432816ee5507666d1372fa229a0cab88a82e12d164cc7be72b457,1924,preserved-byte-for-byte
server/internal/v2rayconfig/v2rayconfig.go,apps/daemon/internal/v2rayconfig/v2rayconfig.go,labs/daemon/modules/v2rayconfig/v2rayconfig.go,87f021707ea7d98713c26562e0135149a04085280921a9bd517fb3f344460058,10477,preserved-byte-for-byte
server/internal/wireguard/manager.go,apps/daemon/internal/wireguard/manager.go,labs/daemon/modules/wireguard/manager.go,3c17fe59d670e4422b4e913991f9927da364debc20bf674fb993e6a9d9b5bb71,11684,preserved-byte-for-byte
server/internal/wireguard/wireguard.go,apps/daemon/internal/wireguard/wireguard.go,labs/daemon/modules/wireguard/wireguard.go,9a928678763c62c911d1cf1bac2c5cbe58c65af3d571aa365fdc97cee42c61b0,6108,preserved-byte-for-byte
server/internal/wireguard/wireguard_test.go,apps/daemon/internal/wireguard/wireguard_test.go,labs/daemon/modules/wireguard/wireguard_test.go,2d487ed6f948f4f1fe485e6b9ec8ded06fc4c32d53f60dbd9f2af57195535622,1578,preserved-byte-for-byte
server/internal/worker_rotator/rotator.go,apps/daemon/internal/worker_rotator/rotator.go,labs/daemon/modules/worker_rotator/rotator.go,45931dd9537d2cd675d8e8ab49e66d2afb794bc519573458997cd168d660668c,655,preserved-byte-for-byte
server/internal/worker_rotator/rotator_test.go,apps/daemon/internal/worker_rotator/rotator_test.go,labs/daemon/modules/worker_rotator/rotator_test.go,f4c1eb26a91a4e2f22053b664ee0edbb3b17111024a18286e01f99abee5bf7bf,515,preserved-byte-for-byte
server/internal/worker_rotator/worker_rotator.go,apps/daemon/internal/worker_rotator/worker_rotator.go,labs/daemon/modules/worker_rotator/worker_rotator.go,f2fb6c0f68f873d1da73766e98458bec72a0242fdff36aa57697ad9d7d438d4c,4250,preserved-byte-for-byte
server/internal/worker_rotator/worker_rotator_test.go,apps/daemon/internal/worker_rotator/worker_rotator_test.go,labs/daemon/modules/worker_rotator/worker_rotator_test.go,d1e300a1fe38c36662571db0b04ca66ec1f221fc48e9b58bf5241cd562e2b1a1,3917,preserved-byte-for-byte
server/internal/workers/acme_preflight.go,apps/daemon/internal/workers/acme_preflight.go,labs/daemon/modules/workers/acme_preflight.go,d26a6b20108dabe4a663a80ab20d7ac53d3ad2958834caebe315b71e14bdcfc0,11071,preserved-byte-for-byte
server/internal/workers/cloudflare_helper.go,apps/daemon/internal/workers/cloudflare_helper.go,labs/daemon/modules/workers/cloudflare_helper.go,63fa4cef541ec5f6582f663d9884b91a76839fdc25fc2dba1b835a9470268991,32649,preserved-byte-for-byte
server/internal/workers/cloudflare_test_harness.go,apps/daemon/internal/workers/cloudflare_test_harness.go,labs/daemon/modules/workers/cloudflare_test_harness.go,f30cdd02dd8af68ad2636eb1e0c8fcc2f5cd7543662f5dfc6682096efadd621b,32754,preserved-byte-for-byte
server/internal/workers/nacl_edge_worker.go,apps/daemon/internal/workers/nacl_edge_worker.go,labs/daemon/modules/workers/nacl_edge_worker.go,705c77ede2aaab2c0f6d572286291511735ce188f00af2ab2bdd5f49272c767e,15155,preserved-byte-for-byte
server/internal/workers/request_analytics.go,apps/daemon/internal/workers/request_analytics.go,labs/daemon/modules/workers/request_analytics.go,01d5eb1a5740dab8baa86ce6b99ed0e6d42eb26cc4a8e7c6f66146c30bd63c64,19119,preserved-byte-for-byte
server/internal/workers/trojan_auth_worker.go,apps/daemon/internal/workers/trojan_auth_worker.go,labs/daemon/modules/workers/trojan_auth_worker.go,f958ed93fb5019cb80902958da84806cabb6d2277863dd2e2be4403908ba3330,12959,preserved-byte-for-byte
server/internal/workers/usage_panel.go,apps/daemon/internal/workers/usage_panel.go,labs/daemon/modules/workers/usage_panel.go,24753fe327f03d105bd81fcddc4e731006f74fd3807f22d6c640b83c2a408c34,3394,preserved-byte-for-byte
server/internal/workers/usage_panel_test.go,apps/daemon/internal/workers/usage_panel_test.go,labs/daemon/modules/workers/usage_panel_test.go,bfc93552a624c956aa04490b6b8dbaf396a3634b301fa109b0c325c91c363ddc,1005,preserved-byte-for-byte
server/internal/workers/wasm_tunnel_worker.go,apps/daemon/internal/workers/wasm_tunnel_worker.go,labs/daemon/modules/workers/wasm_tunnel_worker.go,29d9613a44ea9982adc7de2be5263362aa0262bda2dadfb2ebc5be219cb3df9d,1909,preserved-byte-for-byte
server/internal/workers/whitednszone_client.go,apps/daemon/internal/workers/whitednszone_client.go,labs/daemon/modules/workers/whitednszone_client.go,35beeb37c7931a5b67fd12c6cc073c1a22c432c2684765741482522cec7b6049,8150,preserved-byte-for-byte
server/internal/xobfs/xobfs.go,apps/daemon/internal/xobfs/xobfs.go,labs/daemon/modules/xobfs/xobfs.go,f1e26900ccda0745924b77b8fb5d65bf87b1791f69225a03898632ff2f02291d,10725,preserved-byte-for-byte
server/internal/xobfs/xobfs_test.go,apps/daemon/internal/xobfs/xobfs_test.go,labs/daemon/modules/xobfs/xobfs_test.go,7c41d222c41083a8df608436a1ef9f3a6e8ac822c2c6c5b73237dd3831cc768c,3896,preserved-byte-for-byte
server/internal/xray/api.go,apps/daemon/internal/xray/api.go,labs/daemon/modules/xray/api.go,b73042740147ebd06bcddb0cecd67782eb27a49de5c3961795144d332914e024,12047,preserved-byte-for-byte
server/internal/xray/libxray_wrapper.go,apps/daemon/internal/xray/libxray_wrapper.go,labs/daemon/modules/xray/libxray_wrapper.go,f8a185f905897c96a79bce4ded6c47e1e585a70f532a24b7ce4dc59fb790ae31,1835,preserved-byte-for-byte
server/internal/xray/libxray_wrapper_test.go,apps/daemon/internal/xray/libxray_wrapper_test.go,labs/daemon/modules/xray/libxray_wrapper_test.go,e396747e2eed33ca12a495a5e8fe60c69f33fda6244046257bd0581016abbaaf,1046,preserved-byte-for-byte
server/internal/xray/process.go,apps/daemon/internal/xray/process.go,labs/daemon/modules/xray/process.go,bd739115e0fb80241852324ab0b23377b3079c534f138bb6bf975b51b4a7c674,12293,preserved-byte-for-byte
server/internal/xray/process_manager.go,apps/daemon/internal/xray/process_manager.go,labs/daemon/modules/xray/process_manager.go,0dee725982a22e6a22cb6352317816fa263e405387f26a50cd67bef5f592885a,1928,preserved-byte-for-byte
server/internal/xray/reality_keygen.go,apps/daemon/internal/xray/reality_keygen.go,labs/daemon/modules/xray/reality_keygen.go,e38a7453e0203755480c0333594b3b033ffb52f5bd6f2fac9e666a7c6903994f,15140,preserved-byte-for-byte
server/internal/xray/traffic.go,apps/daemon/internal/xray/traffic.go,labs/daemon/modules/xray/traffic.go,1e1eec914abd010cdb6fdf3a556e10baa4afe67df00f65cd65e5e4bedf8f7382,1237,preserved-byte-for-byte
server/internal/xrayconfig/xrayconfig.go,apps/daemon/internal/xrayconfig/xrayconfig.go,labs/daemon/modules/xrayconfig/xrayconfig.go,924fc2706ed0eb0c8dd115a577a5147610d248c639b6b099c3c33622c01591f4,11104,preserved-byte-for-byte
server/internal/captcha/README.md,apps/daemon/internal/captcha/README.md,labs/daemon/modules/captcha/README.md,789bcd4d86602ebec7f88a753e252760e74f5a04ad929e49993545da588a7369,3466,preserved-byte-for-byte
server/internal/captcha/plugin.go,apps/daemon/internal/captcha/plugin.go,labs/daemon/modules/captcha/plugin.go,ed6a40ef70fb83eb1c8efb54c834ecce505d7750905933bb31fb00f4e706c672,4495,preserved-byte-for-byte
server/internal/captcha/stub.go,apps/daemon/internal/captcha/stub.go,labs/daemon/modules/captcha/stub.go,0898281547c6bb05cdfe4a46908a20581dcab043256e3f86f1c1b0a162a1a2ab,1106,preserved-byte-for-byte
server/internal/captcha/webview_bridge.go,apps/daemon/internal/captcha/webview_bridge.go,labs/daemon/modules/captcha/webview_bridge.go,fed3c77b83962ad0c408d25958cf883e0c1ba0d7893ebc686bfce5a5e43471b3,1600,preserved-byte-for-byte
server/internal/captcha/webview_bridge_test.go,apps/daemon/internal/captcha/webview_bridge_test.go,labs/daemon/modules/captcha/webview_bridge_test.go,34a8a431d57ac0731af8601ff8223f87d0b2d87341af20766fd3d6388db952b6,765,preserved-byte-for-byte
server/internal/proxy/fallback_router.go,apps/daemon/internal/relayserver/fallback_router.go,labs/daemon/modules/relayserver/fallback_router.go,adec7a997b2442db6ff1c0d5028fbda6cc037894550b407799c8b861c9cebaaa,4963,preserved-byte-for-byte
server/internal/proxy/fallback_router_test.go,apps/daemon/internal/relayserver/fallback_router_test.go,labs/daemon/modules/relayserver/fallback_router_test.go,90966a9f29c3a4a3eb24f6a20d88350d8f2d59979d49520f342fee94a8c9d71f,8436,preserved-byte-for-byte
server/internal/proxy/reality_detector.go,apps/daemon/internal/relayserver/reality_detector.go,labs/daemon/modules/relayserver/reality_detector.go,c9c3a2306431ada80856e7947f82b000d448a8a72403aefe478742e8df95335f,9530,preserved-byte-for-byte
server/internal/proxy/reality_detector_test.go,apps/daemon/internal/relayserver/reality_detector_test.go,labs/daemon/modules/relayserver/reality_detector_test.go,35e5ff006e476a6d7ef5fdc1cdf0810aaedad2dc328300d090d61efc8971a68a,7461,preserved-byte-for-byte
server/internal/proxy/relay_server.go,apps/daemon/internal/relayserver/relay_server.go,labs/daemon/modules/relayserver/relay_server.go,50e94a98d2d44a71700f4cd32750ab04a2644ea3292d64f6a1e4eb7420fcd410,8464,preserved-byte-for-byte
server/internal/proxy/relay_server_test.go,apps/daemon/internal/relayserver/relay_server_test.go,labs/daemon/modules/relayserver/relay_server_test.go,013bd55a1254f92d5a3bb20d24ba12c887baed3ac4e12f1f92ac63fab0ba5e9f,4275,preserved-byte-for-byte
server/internal/proxy/udpgw.go,apps/daemon/internal/relayserver/udpgw.go,labs/daemon/modules/relayserver/udpgw.go,69117f3869fc8b8fa26bc5887c7076b58a81ec88c2252b864d51c3e9960d3344,9398,preserved-byte-for-byte
src/apps/daemon/internal/analysis/immunization/.context,apps/daemon/internal/analysis/immunization/.context,labs/daemon/modules/immunization/.context,efef8c93640b00710d11b482c93dd5d39d75c11102485641c44ef78ae95f2985,1143,preserved-byte-for-byte
src/apps/daemon/internal/analysis/immunization/detector.go,apps/daemon/internal/analysis/immunization/detector.go,labs/daemon/modules/immunization/detector.go,62e843ba9d7ba7c7154806b95b31804c38d8bb78093ab172dbed7de20bcd6438,3008,preserved-byte-for-byte
src/apps/daemon/internal/analysis/immunization/immunization_test.go,apps/daemon/internal/analysis/immunization/immunization_test.go,labs/daemon/modules/immunization/immunization_test.go,b59c5a79f2f2f35717ac76b17cd6b93c4b6cc9eb803f485783f868b3cb09194c,3984,preserved-byte-for-byte
src/apps/daemon/internal/analysis/immunization/store.go,apps/daemon/internal/analysis/immunization/store.go,labs/daemon/modules/immunization/store.go,e5a5f5688849bdcf9d2c1d09b9cb0dfe97a832b34e68a10b12ea63f1eaaee071,3651,preserved-byte-for-byte
src/apps/daemon/internal/analysis/immunization/synthesizer.go,apps/daemon/internal/analysis/immunization/synthesizer.go,labs/daemon/modules/immunization/synthesizer.go,1cfed93d4363485b393962c13db628a1661d45d529ec7617172fa34cebb32600,4496,preserved-byte-for-byte
src/apps/daemon/internal/analysis/immunization/types.go,apps/daemon/internal/analysis/immunization/types.go,labs/daemon/modules/immunization/types.go,d179b53ab939f030e86923751baebe4c11290f81f0c7c5bc5215bb9fb6f08d05,2747,preserved-byte-for-byte
src/apps/daemon/internal/analysis/speedtest/.context,apps/daemon/internal/analysis/speedtest/.context,labs/daemon/modules/speedtest/.context,d8d2c8bd6616966befde43e916a01988fd4ee324d6b51b544bea00b9ef3aaac2,1026,preserved-byte-for-byte
src/apps/daemon/internal/analysis/speedtest/batch_speed_evaluator.go,apps/daemon/internal/analysis/speedtest/batch_speed_evaluator.go,labs/daemon/modules/speedtest/batch_speed_evaluator.go,cf41f1728b65d08bbb81265bd2d76f126e9d713a74ec9d74e1a9ae5096c5f59d,7674,preserved-byte-for-byte
src/apps/daemon/internal/analysis/speedtest/batch_speed_evaluator_test.go,apps/daemon/internal/analysis/speedtest/batch_speed_evaluator_test.go,labs/daemon/modules/speedtest/batch_speed_evaluator_test.go,fc0759b68ded3eecedbcea63262f424e89a61dd6bd1ff140b652a716c1a9a65b,2506,preserved-byte-for-byte
src/apps/daemon/internal/integrations/ptydriver/.context,apps/daemon/internal/integrations/ptydriver/.context,labs/daemon/modules/ptydriver/.context,83913109d87b4ea2c134d8e8185a0fc3bcb37ec29eab69cc6715b82f4009c495,919,preserved-byte-for-byte
src/apps/daemon/internal/integrations/ptydriver/ptydriver.go,apps/daemon/internal/integrations/ptydriver/ptydriver.go,labs/daemon/modules/ptydriver/ptydriver.go,56e135adb95e373b0d9ffdf41439c17ffda9f6395d643fd973ee8e20bf94f2a0,3666,preserved-byte-for-byte
src/apps/daemon/internal/networking/covert/.context,apps/daemon/internal/networking/covert/.context,labs/daemon/modules/covert/.context,2bbfc372da2b54a6b85f37c0a6fb3c84302d8dc0702a7766dc41d91eedb1f4d6,1052,preserved-byte-for-byte
src/apps/daemon/internal/networking/covert/dead_drop.go,apps/daemon/internal/networking/covert/dead_drop.go,labs/daemon/modules/covert/dead_drop.go,7f7134896b01b31848be2b3b317d94a55899e3da2872f05d0e2741b9aec8fec5,7465,preserved-byte-for-byte
src/apps/daemon/internal/networking/covert/dead_drop_test.go,apps/daemon/internal/networking/covert/dead_drop_test.go,labs/daemon/modules/covert/dead_drop_test.go,58bf6802ccd2dc7221d6bad1261d8e5b23f952818380c2306dd50997406a3c82,3392,preserved-byte-for-byte
src/apps/daemon/internal/networking/fronting/.context,apps/daemon/internal/networking/fronting/.context,labs/daemon/modules/fronting/.context,0fdffaafeec7fc4e5fbc7e5439c7d81997ddc382b0830e0308bff2fc235a36df,1275,preserved-byte-for-byte
src/apps/daemon/internal/networking/fronting/backend_probe.go,apps/daemon/internal/networking/fronting/backend_probe.go,labs/daemon/modules/fronting/backend_probe.go,4550404deee11aaf4ad3fb3f1f32fdb90af7042edb0535c02af19d6e60076f7d,6823,preserved-byte-for-byte
src/apps/daemon/internal/networking/fronting/backend_probe_test.go,apps/daemon/internal/networking/fronting/backend_probe_test.go,labs/daemon/modules/fronting/backend_probe_test.go,60bc1b1bceb66848456d83313ce04fe6246ae3814e12854344ddd9846a163450,3515,preserved-byte-for-byte
src/apps/daemon/internal/networking/fronting/bench_shapes_test.go,apps/daemon/internal/networking/fronting/bench_shapes_test.go,labs/daemon/modules/fronting/bench_shapes_test.go,0ca57b8511c6c9d3ad3f4167d5c4cc4bc661042cb5a9e94a186cb7cd418e2ef6,3479,preserved-byte-for-byte
src/apps/daemon/internal/networking/fronting/cdn_pool_dialer.go,apps/daemon/internal/networking/fronting/cdn_pool_dialer.go,labs/daemon/modules/fronting/cdn_pool_dialer.go,20baa6f03a82da895ffd6fe6dfe73a87d613e400fdc8e979f13c9e129499d876,3514,preserved-byte-for-byte
src/apps/daemon/internal/networking/fronting/cdn_pool_dialer_test.go,apps/daemon/internal/networking/fronting/cdn_pool_dialer_test.go,labs/daemon/modules/fronting/cdn_pool_dialer_test.go,f727baa3839d4230e4f74c8a5b3dee2d85dcddfd37492781e6911b47271e1d03,1047,preserved-byte-for-byte
src/apps/daemon/internal/networking/fronting/cf_ip_pool.go,apps/daemon/internal/networking/fronting/cf_ip_pool.go,labs/daemon/modules/fronting/cf_ip_pool.go,5fef64ef5bcd8cc328a1de36678e0dc4cd203019f0b044ddf45e868967a90cb9,8640,preserved-byte-for-byte
src/apps/daemon/internal/networking/fronting/cloudflared.go,apps/daemon/internal/networking/fronting/cloudflared.go,labs/daemon/modules/fronting/cloudflared.go,1f0e4ac445b78aacc5fc963684c2044a8f501ec85f02cebf9dbfbeb444c0ab7d,13026,preserved-byte-for-byte
src/apps/daemon/internal/networking/fronting/cloudflared_test.go,apps/daemon/internal/networking/fronting/cloudflared_test.go,labs/daemon/modules/fronting/cloudflared_test.go,7e542d096d7661c5875a21ab6c1fe47dc2ea43738f6b2f56ca6e890511c8348a,4581,preserved-byte-for-byte
src/apps/daemon/internal/networking/fronting/envelope.go,apps/daemon/internal/networking/fronting/envelope.go,labs/daemon/modules/fronting/envelope.go,047ceb65fa6d57a2eeb54cf5417a5be8a89f65c2a8f0ca2d242b4f3302ea8248,6085,preserved-byte-for-byte
src/apps/daemon/internal/networking/fronting/exit_node.go,apps/daemon/internal/networking/fronting/exit_node.go,labs/daemon/modules/fronting/exit_node.go,531cadfc914534e713e7df37970c7a076603a523b6314e601a2c90c9cf64b326,11487,preserved-byte-for-byte
src/apps/daemon/internal/networking/fronting/exit_node_test.go,apps/daemon/internal/networking/fronting/exit_node_test.go,labs/daemon/modules/fronting/exit_node_test.go,15ebd95fbdfc12c005370787cebf09e49e32136eeb8ae7c5c138f83e062607ea,4829,preserved-byte-for-byte
src/apps/daemon/internal/networking/fronting/fronted_dialer.go,apps/daemon/internal/networking/fronting/fronted_dialer.go,labs/daemon/modules/fronting/fronted_dialer.go,508c44485cc5bf19a550facd287e69eb12f7dd796ebf25cc62ab18b5bc7ded61,2302,preserved-byte-for-byte
src/apps/daemon/internal/networking/fronting/fronted_dialer_test.go,apps/daemon/internal/networking/fronting/fronted_dialer_test.go,labs/daemon/modules/fronting/fronted_dialer_test.go,555fada11c50eb6384a3383cf64b7d4e3233ed0bec010b753dec84470ceec2b8,1394,preserved-byte-for-byte
src/apps/daemon/internal/networking/fronting/fronting_test.go,apps/daemon/internal/networking/fronting/fronting_test.go,labs/daemon/modules/fronting/fronting_test.go,7f39ce7b0c1a28e075419b6763eb8124dbbd801b89b5c16f1b7e8a11b69c0a4b,4217,preserved-byte-for-byte
src/apps/daemon/internal/networking/fronting/gasrelay.go,apps/daemon/internal/networking/fronting/gasrelay.go,labs/daemon/modules/fronting/gasrelay.go,0543400b3b8d8c752f039317d8ab52d3921e2aa38f04f71d2679f1619b4f1bde,6534,preserved-byte-for-byte
src/apps/daemon/internal/networking/fronting/gscanner.go,apps/daemon/internal/networking/fronting/gscanner.go,labs/daemon/modules/fronting/gscanner.go,f68d5aa33d1bb3167c8db03f3b0f08aff1ba2350d56491586f4c15e588d9ad6f,4440,preserved-byte-for-byte
src/apps/daemon/internal/networking/fronting/mitm_fronting_router.go,apps/daemon/internal/networking/fronting/mitm_fronting_router.go,labs/daemon/modules/fronting/mitm_fronting_router.go,743ef1ecfbf27536646b29890ecff7ae87e4703f0fe480023fac92e863f47fd1,9340,preserved-byte-for-byte
src/apps/daemon/internal/networking/fronting/mitm_fronting_router_test.go,apps/daemon/internal/networking/fronting/mitm_fronting_router_test.go,labs/daemon/modules/fronting/mitm_fronting_router_test.go,10b3f1094b78a899e081c4def32ed5fa9cf22ee06d05f2380b657f39d633524e,4415,preserved-byte-for-byte
src/apps/daemon/internal/networking/fronting/range_parallel_client.go,apps/daemon/internal/networking/fronting/range_parallel_client.go,labs/daemon/modules/fronting/range_parallel_client.go,0ec593ce6c377f8db8376f154297391f15de9d05ca3912f7f79eb4f7dc7730c5,4748,preserved-byte-for-byte
src/apps/daemon/internal/networking/fronting/range_parallel_client_test.go,apps/daemon/internal/networking/fronting/range_parallel_client_test.go,labs/daemon/modules/fronting/range_parallel_client_test.go,ee24655f142dbd97731881400200930342edc1bc1da357025f2c41612c3f3041,2779,preserved-byte-for-byte
src/apps/daemon/internal/networking/fronting/render.go,apps/daemon/internal/networking/fronting/render.go,labs/daemon/modules/fronting/render.go,7f001cd20c3bb91d7086f3e49cf4627d06be53e17d2b286c3c38e311298afa9b,5473,preserved-byte-for-byte
src/apps/daemon/internal/networking/fronting/sidrotator.go,apps/daemon/internal/networking/fronting/sidrotator.go,labs/daemon/modules/fronting/sidrotator.go,316d786a1a63a3557fd91b13dffd4eaf0540a9e452a25ec38fe020a57c319d29,2228,preserved-byte-for-byte
src/apps/daemon/internal/networking/fronting/snipool.go,apps/daemon/internal/networking/fronting/snipool.go,labs/daemon/modules/fronting/snipool.go,86e02fd7d7bf426a4be928b52e8a3d0d36ca26d2841a5895db8ea88193ed50d5,2127,preserved-byte-for-byte
src/apps/daemon/internal/networking/multipath/.context,apps/daemon/internal/networking/multipath/.context,labs/daemon/modules/multipath/.context,3208307cf73ccea92af4bda7a91f96a5ac2b52a33a8e2633fe0e41fb19b00965,1095,preserved-byte-for-byte
src/apps/daemon/internal/networking/multipath/dedup.go,apps/daemon/internal/networking/multipath/dedup.go,labs/daemon/modules/multipath/dedup.go,58fefc560349c33c3d076773b384c94b0dd3568abc159f767cd256b60bd89127,2426,preserved-byte-for-byte
src/apps/daemon/internal/networking/multipath/fallback_router.go,apps/daemon/internal/networking/multipath/fallback_router.go,labs/daemon/modules/multipath/fallback_router.go,2deeb23c20ba7ca3940c5378e5184fb0fc83de0c8b8726ce727cc13af977ec29,1465,preserved-byte-for-byte
src/apps/daemon/internal/networking/multipath/fallback_router_test.go,apps/daemon/internal/networking/multipath/fallback_router_test.go,labs/daemon/modules/multipath/fallback_router_test.go,556fefe72bb893ad6c7edd2bd3de9715743b84b11b3fdf7f45cfef0065ba7391,812,preserved-byte-for-byte
src/apps/daemon/internal/networking/multipath/frame.go,apps/daemon/internal/networking/multipath/frame.go,labs/daemon/modules/multipath/frame.go,395dbb47fe83e917988b6891952dc8c60c69a56388dfeca339c8fc1f090a1bb1,2162,preserved-byte-for-byte
src/apps/daemon/internal/networking/multipath/multipath_test.go,apps/daemon/internal/networking/multipath/multipath_test.go,labs/daemon/modules/multipath/multipath_test.go,efd12c2c16e10206973f205a6e410b315ee1af9d5555baa0356906de58aa4533,1539,preserved-byte-for-byte
src/apps/daemon/internal/networking/relay/.context,apps/daemon/internal/networking/relay/.context,labs/daemon/modules/relay/.context,aa3a9cd4660a7229f8ff601a359d81eb3bec047c79188a59a40f05a999c67f33,1355,preserved-byte-for-byte
src/apps/daemon/internal/networking/relay/acl_filter.go,apps/daemon/internal/networking/relay/acl_filter.go,labs/daemon/modules/relay/acl_filter.go,ca53466e1396ef7270255791acbe8c27fa79ee9cda0bb72b5ef473331488398e,6927,preserved-byte-for-byte
src/apps/daemon/internal/networking/relay/acl_filter_test.go,apps/daemon/internal/networking/relay/acl_filter_test.go,labs/daemon/modules/relay/acl_filter_test.go,a84e028fa38ae523bb8d2df027b209cd471477cc8eef1e680d8dfafb2eb186c9,3899,preserved-byte-for-byte
src/apps/daemon/internal/networking/relay/edge_router.go,apps/daemon/internal/networking/relay/edge_router.go,labs/daemon/modules/relay/edge_router.go,3d8d5cbf68b90f3dde473646162c2f611f05ff945dd0179a44255e443ec4a8eb,5245,preserved-byte-for-byte
src/apps/daemon/internal/networking/relay/edge_router_test.go,apps/daemon/internal/networking/relay/edge_router_test.go,labs/daemon/modules/relay/edge_router_test.go,0d5ad7730e782d7bfd48259980060a8cc09fc77773a5350e97beea803163e0c0,4032,preserved-byte-for-byte
src/apps/daemon/internal/networking/relay/mesh_peer_matrix.go,apps/daemon/internal/networking/relay/mesh_peer_matrix.go,labs/daemon/modules/relay/mesh_peer_matrix.go,a8d5f89edc72056f465c92caa1150abcb7670edd83c54afb4e87dbb7068b624c,2050,preserved-byte-for-byte
src/apps/daemon/internal/networking/relay/mesh_peer_matrix_test.go,apps/daemon/internal/networking/relay/mesh_peer_matrix_test.go,labs/daemon/modules/relay/mesh_peer_matrix_test.go,331aae839ac1584c0ddce50f7814f242d51bfa05dc72d004511abd3f2b3b63bc,723,preserved-byte-for-byte
src/apps/daemon/internal/networking/relay/multipath_dedup.go,apps/daemon/internal/networking/relay/multipath_dedup.go,labs/daemon/modules/relay/multipath_dedup.go,8f545450e18558c5b8409a2d85e9b684b7344b663791792b77251400d3279248,1354,preserved-byte-for-byte
src/apps/daemon/internal/networking/relay/multipath_dedup_test.go,apps/daemon/internal/networking/relay/multipath_dedup_test.go,labs/daemon/modules/relay/multipath_dedup_test.go,ecddc06dd6f7b326f2e068181c514fc09757ebfb744dbf72855c9d8a90d68a76,789,preserved-byte-for-byte
src/apps/daemon/internal/networking/relay/multipath_gateway.go,apps/daemon/internal/networking/relay/multipath_gateway.go,labs/daemon/modules/relay/multipath_gateway.go,1e72ffd28b703167cd84e774e1c26274931eda14193a96f71db8b9c43eb31e32,1916,preserved-byte-for-byte
src/apps/daemon/internal/networking/relay/multipath_gateway_test.go,apps/daemon/internal/networking/relay/multipath_gateway_test.go,labs/daemon/modules/relay/multipath_gateway_test.go,cd4a030efaadb783b95377f6596f97e4253d1c544a4cef4f9d177d16f867a773,916,preserved-byte-for-byte
src/apps/daemon/internal/networking/relay/programmable_proxy_pipeline.go,apps/daemon/internal/networking/relay/programmable_proxy_pipeline.go,labs/daemon/modules/relay/programmable_proxy_pipeline.go,fec93cb7418cdef607644b8a9cf1ef6eb18a9ae62b8b3242dfa41774e51d0424,2387,preserved-byte-for-byte
src/apps/daemon/internal/networking/relay/programmable_proxy_pipeline_test.go,apps/daemon/internal/networking/relay/programmable_proxy_pipeline_test.go,labs/daemon/modules/relay/programmable_proxy_pipeline_test.go,f454fa21220c55ab5e3e583fb8e4868590f7e7dd6a472399fbc0daa0cb7c7cf8,1056,preserved-byte-for-byte
src/apps/daemon/internal/networking/relay/weighted_router.go,apps/daemon/internal/networking/relay/weighted_router.go,labs/daemon/modules/relay/weighted_router.go,1d1b4d7369c04a0a340b56c27ba8d18d716e3c604f97507be6f140686bc4b178,1578,preserved-byte-for-byte
src/apps/daemon/internal/networking/relay/weighted_router_test.go,apps/daemon/internal/networking/relay/weighted_router_test.go,labs/daemon/modules/relay/weighted_router_test.go,a2b889939b71138e51c590722fe47373702cfa022e554f769f8727332c30c3c1,474,preserved-byte-for-byte
src/apps/daemon/internal/networking/relay/zero_copy_relay.go,apps/daemon/internal/networking/relay/zero_copy_relay.go,labs/daemon/modules/relay/zero_copy_relay.go,9815b94d8cf5164565dd48732b6d096f9b932896b79bdf6574f5c4c7f8d4128f,3018,preserved-byte-for-byte
src/apps/daemon/internal/networking/relay/zero_copy_relay_test.go,apps/daemon/internal/networking/relay/zero_copy_relay_test.go,labs/daemon/modules/relay/zero_copy_relay_test.go,5ce65378cf2c117091cbfb4e7fcd3c03e9e2eaa8ada40f69b590e5d75fab816e,984,preserved-byte-for-byte
src/apps/daemon/internal/networking/relay/zero_trust_route.go,apps/daemon/internal/networking/relay/zero_trust_route.go,labs/daemon/modules/relay/zero_trust_route.go,a6d121bd2e3c7fa323d3ea0bccef7a964ede0c412f891ad5bf1a414d543b7c7b,1481,preserved-byte-for-byte
src/apps/daemon/internal/networking/relay/zero_trust_route_test.go,apps/daemon/internal/networking/relay/zero_trust_route_test.go,labs/daemon/modules/relay/zero_trust_route_test.go,82f4d8987a8b673db009e35a341d3a74117f2925b3f61c9b2c61f8667ebcb219,994,preserved-byte-for-byte
src/apps/daemon/internal/networking/serverless/.context,apps/daemon/internal/networking/serverless/.context,labs/daemon/modules/serverless/.context,8056c090949f53d1c2797a23a49a3b7afce8c6a5ccaa9f6d5f4a5627230590a3,1074,preserved-byte-for-byte
src/apps/daemon/internal/networking/serverless/serverless_shaper.go,apps/daemon/internal/networking/serverless/serverless_shaper.go,labs/daemon/modules/serverless/serverless_shaper.go,7fe1a4f5c4453a967c96e9aec4ca7aa8c56113f5a7199e25082a2ab48a3e2659,6713,preserved-byte-for-byte
src/apps/daemon/internal/networking/serverless/serverless_shaper_test.go,apps/daemon/internal/networking/serverless/serverless_shaper_test.go,labs/daemon/modules/serverless/serverless_shaper_test.go,64fa27ccf72000c7a997ed62b3f6af099b370776712773a9b50900f4cd2a8c33,3570,preserved-byte-for-byte
src/apps/daemon/internal/platform/plugin/.context,apps/daemon/internal/platform/plugin/.context,labs/daemon/modules/plugin/.context,6d5f8efa460ab7d77b8a729768da0bcfe622e1332c9fd499839b04c09c5e0450,1000,preserved-byte-for-byte
src/apps/daemon/internal/platform/plugin/native_bridge.go,apps/daemon/internal/platform/plugin/native_bridge.go,labs/daemon/modules/plugin/native_bridge.go,e542b360872e32e2edc195ee6fcaf3c63bf9773a423e5be20d298b92bb8fcfc0,4113,preserved-byte-for-byte
src/apps/daemon/internal/platform/plugin/native_bridge_test.go,apps/daemon/internal/platform/plugin/native_bridge_test.go,labs/daemon/modules/plugin/native_bridge_test.go,0bcda402550152c7098b88c68224e7cdede16e34bf3ec1d00fe97fd0b6f15d18,2221,preserved-byte-for-byte
src/apps/daemon/internal/platform/service/.context,apps/daemon/internal/platform/service/.context,labs/daemon/modules/service/.context,a94691312e0ad597cdefe39a950b7089a7481772e5c016d091843d6aa009b4f6,1188,preserved-byte-for-byte
src/apps/daemon/internal/platform/service/core_job_supervisor.go,apps/daemon/internal/platform/service/core_job_supervisor.go,labs/daemon/modules/service/core_job_supervisor.go,9c9e474261d12f1bd29435d984edbf228d35ef58fdabd194fd19459440fa3893,4481,preserved-byte-for-byte
src/apps/daemon/internal/platform/service/core_job_supervisor_other.go,apps/daemon/internal/platform/service/core_job_supervisor_other.go,labs/daemon/modules/service/core_job_supervisor_other.go,ed4ca4e82a1b3f7c3fd72787106bd4fbb002a171a52ad2bb7513131fa1214fac,195,preserved-byte-for-byte
src/apps/daemon/internal/platform/service/core_job_supervisor_test.go,apps/daemon/internal/platform/service/core_job_supervisor_test.go,labs/daemon/modules/service/core_job_supervisor_test.go,779ea5c23d5349c9147acf26b9ee9ebaac29197c688dc48d79f84b5e1b3fe82a,1477,preserved-byte-for-byte
src/apps/daemon/internal/platform/service/core_job_supervisor_windows.go,apps/daemon/internal/platform/service/core_job_supervisor_windows.go,labs/daemon/modules/service/core_job_supervisor_windows.go,43d98dc17fcfe39942fead4b99cc6865d6e5b45c6e841b75f1d4ba6c20d41043,2446,preserved-byte-for-byte
src/apps/daemon/internal/platform/service/unit_generator.go,apps/daemon/internal/platform/service/unit_generator.go,labs/daemon/modules/service/unit_generator.go,20d9263be20ae941bd66da2c005a71755b455d80d9f7445a39bdedec35fc81a1,4820,preserved-byte-for-byte
src/apps/daemon/internal/platform/service/unit_generator_test.go,apps/daemon/internal/platform/service/unit_generator_test.go,labs/daemon/modules/service/unit_generator_test.go,572eeb485d3a3d44f43ed7b1e1dbb53d83bbac88539befea9e3d6ab5c261c778,3868,preserved-byte-for-byte
src/apps/daemon/internal/platform/windows/.context,apps/daemon/internal/platform/windows/.context,labs/daemon/modules/windows/.context,88890d2fe59ed860a973f84cf55ac1db24166e577784790f2ad8795b7bd9fd7f,1114,preserved-byte-for-byte
src/apps/daemon/internal/platform/windows/system_dns_manager.go,apps/daemon/internal/platform/windows/system_dns_manager.go,labs/daemon/modules/windows/system_dns_manager.go,52b28d06122aa9d95aca440d61a5aa7a483ef81542b5eb24c4527df1ec0370ae,4114,preserved-byte-for-byte
src/apps/daemon/internal/platform/windows/system_dns_manager_test.go,apps/daemon/internal/platform/windows/system_dns_manager_test.go,labs/daemon/modules/windows/system_dns_manager_test.go,c43094d45a49b0615241a0351f052091ffdacb2f00562a215f6783bc383618f6,2436,preserved-byte-for-byte
src/apps/daemon/internal/platform/windows/wfp_redirector.go,apps/daemon/internal/platform/windows/wfp_redirector.go,labs/daemon/modules/windows/wfp_redirector.go,afe5da276951ee6a5dcdfaaa3e8027d057b738658dbdff03f5f2a929fe095e08,8426,preserved-byte-for-byte
src/apps/daemon/internal/platform/windows/wfp_redirector_test.go,apps/daemon/internal/platform/windows/wfp_redirector_test.go,labs/daemon/modules/windows/wfp_redirector_test.go,2e824e18010eb600ef16512990d54ded7cb9cfc050e342a908c5153a45cf1c7f,5298,preserved-byte-for-byte
src/apps/daemon/internal/runtime/firewall/.context,apps/daemon/internal/runtime/firewall/.context,labs/daemon/modules/firewall/.context,6b13af703337d02a8bebd229296b3cf102f0847761840f38f3cd2af41d24c375,1301,preserved-byte-for-byte
src/apps/daemon/internal/runtime/firewall/engine.go,apps/daemon/internal/runtime/firewall/engine.go,labs/daemon/modules/firewall/engine.go,563f3d72a9e17095702f0c449952eb9641c678d93b8a9f56f3f0ef74393bd693,4523,preserved-byte-for-byte
src/apps/daemon/internal/runtime/firewall/engine_test.go,apps/daemon/internal/runtime/firewall/engine_test.go,labs/daemon/modules/firewall/engine_test.go,41479f1147e4e8164fd7b4cc349f3442b57255516f7f77b0ad2991af956a1866,3493,preserved-byte-for-byte
src/apps/daemon/internal/runtime/firewall/gateway_updater.go,apps/daemon/internal/runtime/firewall/gateway_updater.go,labs/daemon/modules/firewall/gateway_updater.go,92108f9f6342343e6f30793af8943710b0fcf7c3a7d104309b2c989e53a3c21a,1689,preserved-byte-for-byte
src/apps/daemon/internal/runtime/firewall/gateway_updater_test.go,apps/daemon/internal/runtime/firewall/gateway_updater_test.go,labs/daemon/modules/firewall/gateway_updater_test.go,4246000f1f8936ca48df1d8e654e491ec93e0195c2e7fdc25cbcca002d145e41,725,preserved-byte-for-byte
src/apps/daemon/internal/runtime/firewall/hotspot_repeater.go,apps/daemon/internal/runtime/firewall/hotspot_repeater.go,labs/daemon/modules/firewall/hotspot_repeater.go,d44d58058c3264d4dc6db502f5e43187c34b1a665f709d13b731ef8d942fca7d,1397,preserved-byte-for-byte
src/apps/daemon/internal/runtime/firewall/hotspot_repeater_test.go,apps/daemon/internal/runtime/firewall/hotspot_repeater_test.go,labs/daemon/modules/firewall/hotspot_repeater_test.go,bd801400a0ecbab3372079c42b2e4df7b2e90adf26e8b9581e98764830392765,514,preserved-byte-for-byte
src/apps/daemon/internal/runtime/firewall/killswitch_rules.go,apps/daemon/internal/runtime/firewall/killswitch_rules.go,labs/daemon/modules/firewall/killswitch_rules.go,b2aa7d84c9986710e2d58e0abb0737fd826e857e585f899b98d883d8411b49f6,2168,preserved-byte-for-byte
src/apps/daemon/internal/runtime/firewall/killswitch_rules_test.go,apps/daemon/internal/runtime/firewall/killswitch_rules_test.go,labs/daemon/modules/firewall/killswitch_rules_test.go,eeadd20f8f2516669cb3a7447c1b674edf8e6dc628a753f93e088cbec76a038a,653,preserved-byte-for-byte
src/apps/daemon/internal/runtime/firewall/routeros_exporter.go,apps/daemon/internal/runtime/firewall/routeros_exporter.go,labs/daemon/modules/firewall/routeros_exporter.go,cc6a6ec6c4355bf138b8853aec5bfa34186c90db325d4d0518cb5918a1ac8fcf,996,preserved-byte-for-byte
src/apps/daemon/internal/runtime/firewall/routeros_exporter_test.go,apps/daemon/internal/runtime/firewall/routeros_exporter_test.go,labs/daemon/modules/firewall/routeros_exporter_test.go,230ddedea303f066f741cd3a4671107e6b4ed7d5f9b3236f39df09cccbe61eca,649,preserved-byte-for-byte
src/apps/daemon/internal/runtime/firewall/ssl_vpn_adapter.go,apps/daemon/internal/runtime/firewall/ssl_vpn_adapter.go,labs/daemon/modules/firewall/ssl_vpn_adapter.go,5fcb7d1e31e38dfda4388131e14e9c21af6507b7be0263ea9610fc7bed9027c4,1917,preserved-byte-for-byte
src/apps/daemon/internal/runtime/firewall/ssl_vpn_adapter_test.go,apps/daemon/internal/runtime/firewall/ssl_vpn_adapter_test.go,labs/daemon/modules/firewall/ssl_vpn_adapter_test.go,70ae82e711b642bbab094c10ea370295289559f615892cd71ba916c56b4c76da,763,preserved-byte-for-byte
src/apps/daemon/internal/runtime/firewall/tun_synchronizer.go,apps/daemon/internal/runtime/firewall/tun_synchronizer.go,labs/daemon/modules/firewall/tun_synchronizer.go,e01db2bce50d62c5347cdff7f15d0c322a327d768c104ebd150d295976ec65b3,1104,preserved-byte-for-byte
src/apps/daemon/internal/runtime/firewall/tun_synchronizer_test.go,apps/daemon/internal/runtime/firewall/tun_synchronizer_test.go,labs/daemon/modules/firewall/tun_synchronizer_test.go,ae52f0a14989b7fafa412138a94a7e10412650c03cda51ef45a49a92b73aa751,544,preserved-byte-for-byte
