original_source_path,archive_path,sha256,size_bytes
src/apps/android/app/src/main/java/com/luminet/android/backup/WebDavBackup.kt,labs/mobile/donor-archive/backup/WebDavBackup.kt,69357a84183557b454883c82d206176cca174aadc8e2a1b4abef3f993d94c3fb,9498
src/apps/android/app/src/main/java/com/luminet/android/backup/WebDavBackupTest.kt,labs/mobile/donor-archive/backup/WebDavBackupTest.kt,6a07f5eba2e765aca258dc484d41054c8ad18305df024b267ca3382a2ddb9cf1,7593
src/apps/android/app/src/main/java/com/luminet/android/dns/SniRoutingTable.kt,labs/mobile/donor-archive/dns/SniRoutingTable.kt,bc8934f13fc0adabd86bf899cd27ec43ab2807ca1061051ad68e7b3da644c93f,2225
src/apps/android/app/src/main/java/com/luminet/android/importing/ProfileKey.kt,labs/mobile/donor-archive/importing/ProfileKey.kt,3595f3669c6b5fdcaa4fcb5aae856d21286f8867233cee4b163f94bc7f2ca9f4,5606
src/apps/android/app/src/main/java/com/luminet/android/importing/ProfileKeyTest.kt,labs/mobile/donor-archive/importing/ProfileKeyTest.kt,1466fcdd620d401a63d2175878cb0c13ef767743e060f4670d49642c957bdcda,2867
src/apps/android/app/src/main/java/com/luminet/android/plugin/NativePluginBridge.kt,labs/mobile/donor-archive/plugin/NativePluginBridge.kt,40cbd4c0581e868c6aab864404ab7aacdb15ec6cfd93aab3a245f8126303bd1a,2495
src/apps/android/app/src/main/java/com/luminet/android/plugin/NativePluginBridgeTest.kt,labs/mobile/donor-archive/plugin/NativePluginBridgeTest.kt,ee0d32f47dfb1d2e8211b936738914b252ac8ae11b0e3bb5d8f6ab16f8f0783d,2137
src/apps/android/app/src/main/java/com/luminet/android/scanner/CheckHostProber.kt,labs/mobile/donor-archive/scanner/CheckHostProber.kt,189ecb14e2588744e46f03f76391404ef92a833b6faf7ffeced9ebf37c7ba9e0,9135
src/apps/android/app/src/main/java/com/luminet/android/scanner/CheckHostProberTest.kt,labs/mobile/donor-archive/scanner/CheckHostProberTest.kt,c7a1f43cd5da7ece3475f879c8b7933cd6505da7e057ce425edbf9d39288363a,3264
src/apps/android/app/src/main/java/com/luminet/android/scanner/DnsScannerEngine.kt,labs/mobile/donor-archive/scanner/DnsScannerEngine.kt,a187b4e383ee4747a6b8880e475a90d8c11079e6ed69550f20c4f3ef2129b70d,8172
src/apps/android/app/src/main/java/com/luminet/android/scanner/DnsScannerEngineTest.kt,labs/mobile/donor-archive/scanner/DnsScannerEngineTest.kt,583b9ac6881c4ed7dd496091e7b761b71bd380dc3941166cca8a1e07deaca35b,3208
src/apps/android/app/src/main/java/com/luminet/android/scanner/FlowLatencyTracker.kt,labs/mobile/donor-archive/scanner/FlowLatencyTracker.kt,5bba65c4f0919933d322b7a904ca6536cdb1f919711fcb204ea6cefd8485f95e,6001
src/apps/android/app/src/main/java/com/luminet/android/scanner/FlowLatencyTrackerTest.kt,labs/mobile/donor-archive/scanner/FlowLatencyTrackerTest.kt,8681c29dc5cd0cd8d769dc1b666f6c2dddb862bb876e0c792bc438b510b2e559,2549
src/apps/android/app/src/main/java/com/luminet/android/scanner/NodeSpeedtestManager.kt,labs/mobile/donor-archive/scanner/NodeSpeedtestManager.kt,61f27f9af739f357db3a6455b3d1c020e96cbab66a8fb6b5d93e61ce73b8b789,7864
src/apps/android/app/src/main/java/com/luminet/android/scanner/NodeSpeedtestManagerTest.kt,labs/mobile/donor-archive/scanner/NodeSpeedtestManagerTest.kt,52650769b15dec508779b17d03ed2f3e93166140dd21bd4be0ae11fa5d9fe3ad,1210
src/apps/android/app/src/main/java/com/luminet/android/scanner/SocksStageProber.kt,labs/mobile/donor-archive/scanner/SocksStageProber.kt,0d956449eee834c24c3854a2e76cec5cd19b3d9e7cf528559fb7e723f9dbfc02,6620
src/apps/android/app/src/main/java/com/luminet/android/scanner/SocksStageProberTest.kt,labs/mobile/donor-archive/scanner/SocksStageProberTest.kt,63436a53b3796ab15490129dd57ae88bda9bcc705600f8fa1b1ba4206e633ff0,3826
src/apps/android/app/src/main/java/com/luminet/android/scanner/WarpEndpointScanner.kt,labs/mobile/donor-archive/scanner/WarpEndpointScanner.kt,61b96127c590b0267960f895018344119961518f04335b70d5a53ba7dcc80ec6,3856
src/apps/android/app/src/main/java/com/luminet/android/scanner/WarpEndpointScannerTest.kt,labs/mobile/donor-archive/scanner/WarpEndpointScannerTest.kt,15bc742ca8e04184f2d005a2357a4d0d2e3647c056b38d5967a9aa6cf97cfe5e,2267
src/apps/android/app/src/main/java/com/luminet/android/security/CertPinningFlow.kt,labs/mobile/donor-archive/security/CertPinningFlow.kt,374ebc2efa45d24855511ffa849bd8a95e7541b192958d8a7450a15c8a254e88,6616
src/apps/android/app/src/main/java/com/luminet/android/security/CertPinningFlowTest.kt,labs/mobile/donor-archive/security/CertPinningFlowTest.kt,aceb564f0427a229742bb8b4df482e4c4e0259d7fa7cca7104b33ffdaeb6cb8e,7808
src/apps/android/app/src/main/java/com/luminet/android/security/EncryptedPayloadEnvelope.kt,labs/mobile/donor-archive/security/EncryptedPayloadEnvelope.kt,d2047b32241bd499e0b2501e34aa35583ee8efd95a9e686d545f8a654a2a5b71,4351
src/apps/android/app/src/main/java/com/luminet/android/security/EncryptedPayloadEnvelopeTest.kt,labs/mobile/donor-archive/security/EncryptedPayloadEnvelopeTest.kt,07f8d538261ee8257e6edf65f37aa244783caf4a50c77a5ea92108c4c27007e4,1930
src/apps/android/app/src/main/java/com/luminet/android/security/MitmFrontingManager.kt,labs/mobile/donor-archive/security/MitmFrontingManager.kt,cdf05f1ef09ec0ee9414b5138851d1a5be782b72f6bcae36c1292d42b2d9f533,6842
src/apps/android/app/src/main/java/com/luminet/android/security/MitmFrontingManagerTest.kt,labs/mobile/donor-archive/security/MitmFrontingManagerTest.kt,e108526c1ad35f763150fe3c4f6efeb9f712d987043a7aed88688008c8640c42,2751
src/apps/android/app/src/main/java/com/luminet/android/subscription/SubscriptionDiff.kt,labs/mobile/donor-archive/subscription/SubscriptionDiff.kt,9623003a23f63a6d54f6947208c71dd2db99010ce05808f6aefebffcf5998115,8429
src/apps/android/app/src/main/java/com/luminet/android/subscription/SubscriptionDiffTest.kt,labs/mobile/donor-archive/subscription/SubscriptionDiffTest.kt,1ff6bab1dc08d49e927a775e1dff020a835f2e2aab01296c82f78fcb3090a1a2,4847
src/apps/android/app/src/main/java/com/luminet/android/tunnel/AdaptiveMtuDiscovery.kt,labs/mobile/donor-archive/tunnel/AdaptiveMtuDiscovery.kt,6a64178ee744ff50355a5d06bfd40d919ba6001b8cf8737e1ad263da08e52508,939
src/apps/android/app/src/main/java/com/luminet/android/tunnel/AdaptiveOutboundCoordinator.kt,labs/mobile/donor-archive/tunnel/AdaptiveOutboundCoordinator.kt,f013a5f0afb888de13e79b5e66087bd169a616bda77896dfd113f7bed024ac16,1077
src/apps/android/app/src/main/java/com/luminet/android/tunnel/AdaptiveProtocolMatrix.kt,labs/mobile/donor-archive/tunnel/AdaptiveProtocolMatrix.kt,797d2a131f910eccaea0da5bd9a9d451babc43fce9f291727e351be8af1f6235,2173
src/apps/android/app/src/main/java/com/luminet/android/tunnel/AdaptiveStrategyRacer.kt,labs/mobile/donor-archive/tunnel/AdaptiveStrategyRacer.kt,92ccaf444196c18f88d14e6d5e025ca71f81afddfff968cba0d24b713711c435,11045
src/apps/android/app/src/main/java/com/luminet/android/tunnel/AdaptiveStrategyRacerTest.kt,labs/mobile/donor-archive/tunnel/AdaptiveStrategyRacerTest.kt,51792369339d9bc1f588d86ffc274684c3060daca8d45d89c0a7bd0df01cd4f0,4941
src/apps/android/app/src/main/java/com/luminet/android/tunnel/AdblockHostsParser.kt,labs/mobile/donor-archive/tunnel/AdblockHostsParser.kt,5b352b1e7e9ece271cf411ef360ea3fb2870094da258c84ae74bdbe2aff8153b,1832
src/apps/android/app/src/main/java/com/luminet/android/tunnel/AmneziaObfsParameters.kt,labs/mobile/donor-archive/tunnel/AmneziaObfsParameters.kt,82460cc067712a58e6608120c47dc91bde3b6af90e0a670a24bc29025f0e8121,1405
src/apps/android/app/src/main/java/com/luminet/android/tunnel/AsyncRuleEvaluator.kt,labs/mobile/donor-archive/tunnel/AsyncRuleEvaluator.kt,f739cbaad7865869b1a8091b94c22e07bd4fdfe29924aa89b9ef306565fd1f3d,3198
src/apps/android/app/src/main/java/com/luminet/android/tunnel/AutoProxyRulesetMatcher.kt,labs/mobile/donor-archive/tunnel/AutoProxyRulesetMatcher.kt,db94cff4150fbcf6fc2994c286199cdc7275891f687067fa3a57b4f8e9dfbc39,945
src/apps/android/app/src/main/java/com/luminet/android/tunnel/AutomatedTlsServerConfigurator.kt,labs/mobile/donor-archive/tunnel/AutomatedTlsServerConfigurator.kt,a35b2216deb2de5fa28267793699d19ba8c3fd1f0789310ee4c7ffda315960a8,1620
src/apps/android/app/src/main/java/com/luminet/android/tunnel/AutonomousEvasionOrchestrator.kt,labs/mobile/donor-archive/tunnel/AutonomousEvasionOrchestrator.kt,9a1e6a748b0a544685c4d7fe55a6d65823b37c037835086605870131b3a89dc2,906
src/apps/android/app/src/main/java/com/luminet/android/tunnel/AutonomousGlobalProxySupervisor.kt,labs/mobile/donor-archive/tunnel/AutonomousGlobalProxySupervisor.kt,c15171435814c73ed96e7824b731727104ea328f37ef9882698ab6e174d5f47d,2294
src/apps/android/app/src/main/java/com/luminet/android/tunnel/AutonomousIngestPipeline.kt,labs/mobile/donor-archive/tunnel/AutonomousIngestPipeline.kt,85a40454eff5844c7571f9e0d8319732e4815722bf79956af90753b6fd426b55,2191
src/apps/android/app/src/main/java/com/luminet/android/tunnel/AutonomousRoutingCoordinator.kt,labs/mobile/donor-archive/tunnel/AutonomousRoutingCoordinator.kt,809b028a598c9df1ed700c4f2271a4296644558e0e3b73c754f6561cc8ac6301,708
src/apps/android/app/src/main/java/com/luminet/android/tunnel/BackendProbeDiagnostic.kt,labs/mobile/donor-archive/tunnel/BackendProbeDiagnostic.kt,905b025e2740944ec1df2e62c361ad410822340f4e087798228e9b55d18c6efa,3750
src/apps/android/app/src/main/java/com/luminet/android/tunnel/BackendProbeDiagnosticTest.kt,labs/mobile/donor-archive/tunnel/BackendProbeDiagnosticTest.kt,91244b0cb40ed72cfddc5f31be09464eda785099fec0d1669375df6c692ceae8,1590
src/apps/android/app/src/main/java/com/luminet/android/tunnel/BandwidthQuotaEnforcer.kt,labs/mobile/donor-archive/tunnel/BandwidthQuotaEnforcer.kt,ec98c886d9fce49c351a0e52e86fc50017ec64c20cc5f1d1fff3decd762a8ba7,1172
src/apps/android/app/src/main/java/com/luminet/android/tunnel/BrookStreamCodec.kt,labs/mobile/donor-archive/tunnel/BrookStreamCodec.kt,2dc3f8048754104ec544ca94014105d5ffc0e34436e7a31cf6fe14aed2fb2ad9,1488
src/apps/android/app/src/main/java/com/luminet/android/tunnel/BrutalPacer.kt,labs/mobile/donor-archive/tunnel/BrutalPacer.kt,aee59134fed4ce624d429b48cffd8aa64230a96fa1c1a4af2034796ff2b72e17,1064
src/apps/android/app/src/main/java/com/luminet/android/tunnel/CamouflageStreamMasquerader.kt,labs/mobile/donor-archive/tunnel/CamouflageStreamMasquerader.kt,f90be15f79a49807cc8bf9ad70af9136277fccd56789725297d1c1d9f601f1ae,1832
src/apps/android/app/src/main/java/com/luminet/android/tunnel/CanonicalBlacklistEngine.kt,labs/mobile/donor-archive/tunnel/CanonicalBlacklistEngine.kt,db9ef93733b621a05c015907acadc2dfc597a4a6cce42e4211baada3bc7df87c,2714
src/apps/android/app/src/main/java/com/luminet/android/tunnel/CdnFrontPool.kt,labs/mobile/donor-archive/tunnel/CdnFrontPool.kt,84ce1ec64ea1d1cf725468ee44a4bbb404010134191a2c7a8effee49ed5d1b30,1581
src/apps/android/app/src/main/java/com/luminet/android/tunnel/CensorshipAnomalyProber.kt,labs/mobile/donor-archive/tunnel/CensorshipAnomalyProber.kt,205c8cac322a366702b5fb59c1ee90139b6917906148e0abff13c1ff0145f571,1694
src/apps/android/app/src/main/java/com/luminet/android/tunnel/CensorshipProfileSynthesizer.kt,labs/mobile/donor-archive/tunnel/CensorshipProfileSynthesizer.kt,dd9a3d95b53b1cf7f37c09e2d75a58ae6bbe7782b98430e718cb7237acb46c4e,2511
src/apps/android/app/src/main/java/com/luminet/android/tunnel/CensorshipTriggerGenerator.kt,labs/mobile/donor-archive/tunnel/CensorshipTriggerGenerator.kt,fa11fb85d878165e9ffc52053315ccb23cabac276a1638567af4f641ae7639aa,2264
src/apps/android/app/src/main/java/com/luminet/android/tunnel/ClashProviderSynthesizer.kt,labs/mobile/donor-archive/tunnel/ClashProviderSynthesizer.kt,90479ba465db9084ca1828a171e2463d91ec2822ca5ca822c0fa70b67897dda5,1557
src/apps/android/app/src/main/java/com/luminet/android/tunnel/ClientBanSupervisor.kt,labs/mobile/donor-archive/tunnel/ClientBanSupervisor.kt,471ffd76271cd8cb5e998da8311bdfaba91291bb2fbf567017f08541a9d656ae,1892
src/apps/android/app/src/main/java/com/luminet/android/tunnel/CombinedBypassEngine.kt,labs/mobile/donor-archive/tunnel/CombinedBypassEngine.kt,81b7da900d46f794553aaf7645a65a972ab6ffae560335672f1b5d428e68ef38,4446
src/apps/android/app/src/main/java/com/luminet/android/tunnel/CombinedBypassEngineTest.kt,labs/mobile/donor-archive/tunnel/CombinedBypassEngineTest.kt,7a80b6e1fb4475ed4c3566c0d80d033ae7e0ede339bc982fc67178bf13e01a18,3115
src/apps/android/app/src/main/java/com/luminet/android/tunnel/CommunityFeedParser.kt,labs/mobile/donor-archive/tunnel/CommunityFeedParser.kt,672c72f1baf23fd67759e0285104cdbd667b32f9c6523e86f88fe479a89e0244,4096
src/apps/android/app/src/main/java/com/luminet/android/tunnel/CompositeRuleCompiler.kt,labs/mobile/donor-archive/tunnel/CompositeRuleCompiler.kt,3e243410c583bdf00d1240e83910b4777c78a8c6ff0b30693a42d8a67f8d42f1,3785
src/apps/android/app/src/main/java/com/luminet/android/tunnel/ConnectionChainManager.kt,labs/mobile/donor-archive/tunnel/ConnectionChainManager.kt,47c1b351e900cdeb3e95026aca9fc84857346317c2e8821f2e543ac07fab54b9,3316
src/apps/android/app/src/main/java/com/luminet/android/tunnel/ConnectionChainManagerTest.kt,labs/mobile/donor-archive/tunnel/ConnectionChainManagerTest.kt,ef17b41472f909dc4268661d3cbd1a5b5a0651adcdd87d2fe8335af47985095a,1955
src/apps/android/app/src/main/java/com/luminet/android/tunnel/CoreConfigContextBuilder.kt,labs/mobile/donor-archive/tunnel/CoreConfigContextBuilder.kt,26f14b9ce6c15b59922b2a4c6e00e23b20742c228971af0da672cbc1740a9a3e,6950
src/apps/android/app/src/main/java/com/luminet/android/tunnel/CoreConfigContextBuilderTest.kt,labs/mobile/donor-archive/tunnel/CoreConfigContextBuilderTest.kt,5aee4cc264cb18c1c946509b0ae12f83f6b749de190fbfd38561be8026d0c20f,2622
src/apps/android/app/src/main/java/com/luminet/android/tunnel/CoreEngineSupervisor.kt,labs/mobile/donor-archive/tunnel/CoreEngineSupervisor.kt,fbda4e2b62fc39d4138dddc9b621c6650d20fb875d9c9d89a243813c39a2c0f8,1951
src/apps/android/app/src/main/java/com/luminet/android/tunnel/CovertDeadDropProtocol.kt,labs/mobile/donor-archive/tunnel/CovertDeadDropProtocol.kt,63ec89c2f985c2843af08d68ac3d53bda7a1137142a6a392bc9f6987f217b873,9262
src/apps/android/app/src/main/java/com/luminet/android/tunnel/CovertDeadDropProtocolTest.kt,labs/mobile/donor-archive/tunnel/CovertDeadDropProtocolTest.kt,d30c75ace48d6cbcc6539f1ff2abe3a45bccf0fd67940e59216f4e0aa6412423,3181
src/apps/android/app/src/main/java/com/luminet/android/tunnel/CovertStorageFramer.kt,labs/mobile/donor-archive/tunnel/CovertStorageFramer.kt,99a15568034a71cbfc487ad9b9fbd33d8e63ec562a527d53d8891434959ace89,1914
src/apps/android/app/src/main/java/com/luminet/android/tunnel/DesktopClientManager.kt,labs/mobile/donor-archive/tunnel/DesktopClientManager.kt,f5e0d0c280415c95d311035988cabcde55b589d18c9ba4e417152f83f398e36c,2350
src/apps/android/app/src/main/java/com/luminet/android/tunnel/DnsArqWindowCodec.kt,labs/mobile/donor-archive/tunnel/DnsArqWindowCodec.kt,cf4c7868dc295baa21bcc5bfa7eb07535dea8ab3898da0adb8c733a19ab5bf8a,1144
src/apps/android/app/src/main/java/com/luminet/android/tunnel/DnsAutoTuneManager.kt,labs/mobile/donor-archive/tunnel/DnsAutoTuneManager.kt,d0be14393cb2bd03218ace54d6e6bad1bb80133c03ce09cd2d3eb3075673f788,4945
src/apps/android/app/src/main/java/com/luminet/android/tunnel/DnsAutoTuneManagerTest.kt,labs/mobile/donor-archive/tunnel/DnsAutoTuneManagerTest.kt,106bef12dc789813c5d9746552fd3969654db16aabe97ce240a11d0455aa1882,1900
src/apps/android/app/src/main/java/com/luminet/android/tunnel/DnsBlocklistEngine.kt,labs/mobile/donor-archive/tunnel/DnsBlocklistEngine.kt,28083e558a0b163a14d8e866cfc7fa3f87546cacc33cf6fae231aa4e61faa6e2,2123
src/apps/android/app/src/main/java/com/luminet/android/tunnel/DnsPoisonDetector.kt,labs/mobile/donor-archive/tunnel/DnsPoisonDetector.kt,6354c110ed6ddc9744848573cb27998dbabd78cbebba3900a97d13256478f1fa,5166
src/apps/android/app/src/main/java/com/luminet/android/tunnel/DnsPoisonDetectorTest.kt,labs/mobile/donor-archive/tunnel/DnsPoisonDetectorTest.kt,bfe676647755c101b3ff54b219857191b7eccdcc79dec55cd83c6df61de735dd,2042
src/apps/android/app/src/main/java/com/luminet/android/tunnel/DnsTunnelCodec.kt,labs/mobile/donor-archive/tunnel/DnsTunnelCodec.kt,7cd4ee6f05ed27ae94f2b5860cddbbd8a4c5b930474650d50a354bca5e9b4972,1559
src/apps/android/app/src/main/java/com/luminet/android/tunnel/DnsVpnProtocol.kt,labs/mobile/donor-archive/tunnel/DnsVpnProtocol.kt,788e387281a64f4e44b0ead5c7afc79148a1d2b6740b41dc6dea91eda183bf3f,7381
src/apps/android/app/src/main/java/com/luminet/android/tunnel/DnsVpnProtocolTest.kt,labs/mobile/donor-archive/tunnel/DnsVpnProtocolTest.kt,a65e5462de5734bd2709b14cb772054dcbdc030d4f256ee16e051ede57eb8084,2035
src/apps/android/app/src/main/java/com/luminet/android/tunnel/DnsWizardConfigGenerator.kt,labs/mobile/donor-archive/tunnel/DnsWizardConfigGenerator.kt,1b61ef66bedd547d20f56f2e2ffbd1a19100ae6bfed89be7be5119c7fda091d8,1094
src/apps/android/app/src/main/java/com/luminet/android/tunnel/DohFallbackHierarchy.kt,labs/mobile/donor-archive/tunnel/DohFallbackHierarchy.kt,d4d9085f5a5954accbb6ff05ade62aaef47726debff33f9f9fdb3f4810c5d36d,1143
src/apps/android/app/src/main/java/com/luminet/android/tunnel/DohProxyEngine.kt,labs/mobile/donor-archive/tunnel/DohProxyEngine.kt,f892cbdb326439b4490f3587ac981bd16637051af97924bc509462d97c8d6299,4686
src/apps/android/app/src/main/java/com/luminet/android/tunnel/DohProxyEngineTest.kt,labs/mobile/donor-archive/tunnel/DohProxyEngineTest.kt,c9e6761fce7fe4a8b928536779bc118f67a4e65124543d21a4784babbe0ffc19,1290
src/apps/android/app/src/main/java/com/luminet/android/tunnel/DomainFrontingTransport.kt,labs/mobile/donor-archive/tunnel/DomainFrontingTransport.kt,a9a213884c3cddfaf6f3c6a47d8306bbe0911e2d6ee48916e04db318f9f57a6b,943
src/apps/android/app/src/main/java/com/luminet/android/tunnel/DpiPatternMasker.kt,labs/mobile/donor-archive/tunnel/DpiPatternMasker.kt,62d4263fa49056998272f838cebd9c327b3a89d1d7937d55dcf3638c4df273cf,1099
src/apps/android/app/src/main/java/com/luminet/android/tunnel/DualBackendController.kt,labs/mobile/donor-archive/tunnel/DualBackendController.kt,677db1e6a91009f927e20985b40e342f642ef54839e6214410bc0a8780d8b5ac,1663
src/apps/android/app/src/main/java/com/luminet/android/tunnel/DynamicCaManager.kt,labs/mobile/donor-archive/tunnel/DynamicCaManager.kt,0b8517985515d8769f678bb2907e1a406e56939e62b49434aab3b335195a1b8a,1165
src/apps/android/app/src/main/java/com/luminet/android/tunnel/DynamicGatewayUpdater.kt,labs/mobile/donor-archive/tunnel/DynamicGatewayUpdater.kt,0a1f70abe07b529783002307da334f722617f5457504b55884fe0d4a4d04ebd4,653
src/apps/android/app/src/main/java/com/luminet/android/tunnel/DynamicProxyValidator.kt,labs/mobile/donor-archive/tunnel/DynamicProxyValidator.kt,6c25cf6157fc0226e767a23414bad649ca37d5619e82534f723a4ca9ee794096,2027
src/apps/android/app/src/main/java/com/luminet/android/tunnel/EbpfDnsDropFilter.kt,labs/mobile/donor-archive/tunnel/EbpfDnsDropFilter.kt,74b96f03faae63200d84a20748f9eb250dd32dd1bcfe6a40a33d8db8ec22d2e5,1002
src/apps/android/app/src/main/java/com/luminet/android/tunnel/EdgeCdnPoolSorter.kt,labs/mobile/donor-archive/tunnel/EdgeCdnPoolSorter.kt,d91a4c22f2cc961ed13b0c23267dcc051510d094acb5003e492252de7bc7704c,1116
src/apps/android/app/src/main/java/com/luminet/android/tunnel/EdgeGatewayHealthMeter.kt,labs/mobile/donor-archive/tunnel/EdgeGatewayHealthMeter.kt,e95d31c2a925ee3f2ffb80b1f6bda7d37c0035f42c59d1b4b5400174c832179d,1145
src/apps/android/app/src/main/java/com/luminet/android/tunnel/EdgeRelayRouter.kt,labs/mobile/donor-archive/tunnel/EdgeRelayRouter.kt,7e2d74fbf315059e46af0b4920d1dd985caa3f51557b2c205092d8b7ee342de6,4455
src/apps/android/app/src/main/java/com/luminet/android/tunnel/EdgeRelayRouterTest.kt,labs/mobile/donor-archive/tunnel/EdgeRelayRouterTest.kt,8f32ec7fb3f3cda8eb9db1cc8e3d470c3b357b8e6b7c8bbc8514d440151e33f6,4012
src/apps/android/app/src/main/java/com/luminet/android/tunnel/EdgeWorkerSelector.kt,labs/mobile/donor-archive/tunnel/EdgeWorkerSelector.kt,66052df9da09674a1d79e038e001d926404ea9b10ff328621df975f0430318f5,1119
src/apps/android/app/src/main/java/com/luminet/android/tunnel/EdnsSubnetScrubber.kt,labs/mobile/donor-archive/tunnel/EdnsSubnetScrubber.kt,6bd49585a033cbca5ab2bd8033d28a316eacdc4b5d8d82fc77c66ae08ed5b634,1155
src/apps/android/app/src/main/java/com/luminet/android/tunnel/EmbeddedProbeServer.kt,labs/mobile/donor-archive/tunnel/EmbeddedProbeServer.kt,7586ea9a36b143d5efdf11a4a349075a9d0424e7c378a5408c7ed821e3c75462,2663
src/apps/android/app/src/main/java/com/luminet/android/tunnel/EndpointCredentialVault.kt,labs/mobile/donor-archive/tunnel/EndpointCredentialVault.kt,6beed06a1bc898970d2fa17b4ceed0a992b038f5f483111b1181235bc38d2a97,2281
src/apps/android/app/src/main/java/com/luminet/android/tunnel/EnhancedGeoIpLookup.kt,labs/mobile/donor-archive/tunnel/EnhancedGeoIpLookup.kt,bff4b889f66f9a986f4113e3c3e62b0b129a52319a5d42925c6c8646b3c8f4c4,2005
src/apps/android/app/src/main/java/com/luminet/android/tunnel/EnterpriseAccessInterceptor.kt,labs/mobile/donor-archive/tunnel/EnterpriseAccessInterceptor.kt,e9f70d4c2c7aabce0192d0c0c05bef620ac80a0139c9cf2c990397f9404bd3b1,620
src/apps/android/app/src/main/java/com/luminet/android/tunnel/EnterpriseVpnController.kt,labs/mobile/donor-archive/tunnel/EnterpriseVpnController.kt,daf72cb729454001a4045a65760196a75e85b89aa7991278463b139f5ed199b7,2800
src/apps/android/app/src/main/java/com/luminet/android/tunnel/EntropyScrambledTunnel.kt,labs/mobile/donor-archive/tunnel/EntropyScrambledTunnel.kt,79ce061079ba92657678c05ecda86612ecc045fd8833218e88427b614e4fede4,2469
src/apps/android/app/src/main/java/com/luminet/android/tunnel/FirewallKillswitch.kt,labs/mobile/donor-archive/tunnel/FirewallKillswitch.kt,62d782658c2bde0f141d1fa5082c99acf5e2dcab0ecd4b5d148aa6f5d32ff4e2,1085
src/apps/android/app/src/main/java/com/luminet/android/tunnel/FlowAnalyzerEngine.kt,labs/mobile/donor-archive/tunnel/FlowAnalyzerEngine.kt,089cee8f0d1cae7ac8a1060d4d07e95efd27611d43e75018d8ac9450068aab46,2997
src/apps/android/app/src/main/java/com/luminet/android/tunnel/GatewayHealthMonitor.kt,labs/mobile/donor-archive/tunnel/GatewayHealthMonitor.kt,2f38c32a5708c03e8affc2d955e13e8627598445ccd285c86e2256049db373c5,1473
src/apps/android/app/src/main/java/com/luminet/android/tunnel/GeospatialPolygonRouter.kt,labs/mobile/donor-archive/tunnel/GeospatialPolygonRouter.kt,9c73848ec6cd29554812ff52a97fadd4ca4f16fbef9e0633dc1f91c8056c3de4,2152
src/apps/android/app/src/main/java/com/luminet/android/tunnel/HeaderInterceptRouter.kt,labs/mobile/donor-archive/tunnel/HeaderInterceptRouter.kt,fb78582f4956a966c2adcf893f1be3dacbeda4715ee3579bab11b7e5692ecc67,849
src/apps/android/app/src/main/java/com/luminet/android/tunnel/HotspotNatRepeater.kt,labs/mobile/donor-archive/tunnel/HotspotNatRepeater.kt,63d3e1552f44f2463c1ede8d0d75fbd950bceff78e7fd8e1289cab51553ced44,1002
src/apps/android/app/src/main/java/com/luminet/android/tunnel/HttpChunkCarrier.kt,labs/mobile/donor-archive/tunnel/HttpChunkCarrier.kt,19adee3158ac63ebc3f1ebcf9e365af06929163c162e4141692f6400f26bb6ba,1311
src/apps/android/app/src/main/java/com/luminet/android/tunnel/HttpDecoyTunnel.kt,labs/mobile/donor-archive/tunnel/HttpDecoyTunnel.kt,c9927c10a2db34de537140fff34c093a893e7b466853a96c305dc6c5a7c8b55b,16837
src/apps/android/app/src/main/java/com/luminet/android/tunnel/HttpDecoyTunnelTest.kt,labs/mobile/donor-archive/tunnel/HttpDecoyTunnelTest.kt,e06315f4d38c88ab00b93c7f824c5e97164d5c59d4e4e10d4ac3084d90e17ed2,4179
src/apps/android/app/src/main/java/com/luminet/android/tunnel/HttpRelayTunnelClient.kt,labs/mobile/donor-archive/tunnel/HttpRelayTunnelClient.kt,6a8eaaa53f2d118566e6228930c40d1b34b8363bd1f4a6a5685df40dfa03368d,733
src/apps/android/app/src/main/java/com/luminet/android/tunnel/HybridShadowV2Transport.kt,labs/mobile/donor-archive/tunnel/HybridShadowV2Transport.kt,669c53eb06ed02f5f868accd6c80008b0f94e360f4e4ce11efd9dd8cfebafce1,2446
src/apps/android/app/src/main/java/com/luminet/android/tunnel/IdentityPolicyEvaluator.kt,labs/mobile/donor-archive/tunnel/IdentityPolicyEvaluator.kt,32f7e769ac7df694e81f55ff37ff27051f209479af7711af60b7c7261f0b2f61,1150
src/apps/android/app/src/main/java/com/luminet/android/tunnel/IdentityTunnelCodec.kt,labs/mobile/donor-archive/tunnel/IdentityTunnelCodec.kt,b2088da6ffecf7f4fb361a65561e5d85099a98c1222acbbaeb7f0a1c6a176b83,1974
src/apps/android/app/src/main/java/com/luminet/android/tunnel/IntelligentTrafficFilter.kt,labs/mobile/donor-archive/tunnel/IntelligentTrafficFilter.kt,e89285307f9bbda0538f5e630340368227d2833e71760986cbd19a4de922042f,1776
src/apps/android/app/src/main/java/com/luminet/android/tunnel/IpsecIkev2StateMachine.kt,labs/mobile/donor-archive/tunnel/IpsecIkev2StateMachine.kt,11a5dc16d351b7b66559cb6639ea6a9a2864e1b7a31bcd14434db298830ac1d8,2178
src/apps/android/app/src/main/java/com/luminet/android/tunnel/IpsecTunnelProfile.kt,labs/mobile/donor-archive/tunnel/IpsecTunnelProfile.kt,f97268d9aa086062985c32eb37723573fe3e7137911349fd01640f657d58abe4,1547
src/apps/android/app/src/main/java/com/luminet/android/tunnel/KernelHardeningProfile.kt,labs/mobile/donor-archive/tunnel/KernelHardeningProfile.kt,bf12842b3b64892695f0eaf3d8a595622449037961ff1c5fdf4ed8e7086c49b3,883
src/apps/android/app/src/main/java/com/luminet/android/tunnel/LanShareCoordinator.kt,labs/mobile/donor-archive/tunnel/LanShareCoordinator.kt,5427c01b771199158c392ecd074a592764130b0da0c8d20b108be97a9691f254,3064
src/apps/android/app/src/main/java/com/luminet/android/tunnel/LanShareCoordinatorTest.kt,labs/mobile/donor-archive/tunnel/LanShareCoordinatorTest.kt,7856a3f90637f3dda2d174c098e26af2c067383983f6f151132fb883c879b8da,2508
src/apps/android/app/src/main/java/com/luminet/android/tunnel/LatencyRaceSelector.kt,labs/mobile/donor-archive/tunnel/LatencyRaceSelector.kt,90399a30e559b21b20e1cf0d53c41549d61237438dd9b6fa19c3a45940deb42a,971
src/apps/android/app/src/main/java/com/luminet/android/tunnel/LeakGuardSupervisor.kt,labs/mobile/donor-archive/tunnel/LeakGuardSupervisor.kt,a19c819f5c2d82c41c724cee3c5b28dedbd7d874e5b62bc601f4cdaf37dd044b,1107
src/apps/android/app/src/main/java/com/luminet/android/tunnel/MasqueAmneziaHybridTunnel.kt,labs/mobile/donor-archive/tunnel/MasqueAmneziaHybridTunnel.kt,4317621bd40cf7c0aed37fc7af92449a777a79385e2d01d20006e52a11717acb,2036
src/apps/android/app/src/main/java/com/luminet/android/tunnel/MasqueDatagramTunnel.kt,labs/mobile/donor-archive/tunnel/MasqueDatagramTunnel.kt,b78ee46e663ad43105bbe149e4d77058878b05bc0cfb2de83c4e3898b2aa4a2c,1917
src/apps/android/app/src/main/java/com/luminet/android/tunnel/MeshPeerRoute.kt,labs/mobile/donor-archive/tunnel/MeshPeerRoute.kt,61061ca6f0909f55ea2f0cc8971bdbe4c32344a213732eda7abe56df0209402c,1367
src/apps/android/app/src/main/java/com/luminet/android/tunnel/MeshSocks5Bridge.kt,labs/mobile/donor-archive/tunnel/MeshSocks5Bridge.kt,b92c535d4d4daec0a614f88fb539f72dd48c0966f4a517b29ad9272af9fd3c5c,2391
src/apps/android/app/src/main/java/com/luminet/android/tunnel/MeshWireguardCoordinator.kt,labs/mobile/donor-archive/tunnel/MeshWireguardCoordinator.kt,b67d64ddb9a76fbf9f97ee7eeb2fad0224058cabd484c74585eb2f030b749882,3516
src/apps/android/app/src/main/java/com/luminet/android/tunnel/MitmTrafficRewriter.kt,labs/mobile/donor-archive/tunnel/MitmTrafficRewriter.kt,0bec46b609095c634d03843603c4947a71a3c99f19da92f4488bfd61d9c87f34,2481
src/apps/android/app/src/main/java/com/luminet/android/tunnel/MixedProtocolProxy.kt,labs/mobile/donor-archive/tunnel/MixedProtocolProxy.kt,59956d5e760025319b48a5314ecec8c8e3291dd90d1f9cdf8c07b98ac24a5584,10579
src/apps/android/app/src/main/java/com/luminet/android/tunnel/MixedProtocolProxyTest.kt,labs/mobile/donor-archive/tunnel/MixedProtocolProxyTest.kt,a9cfae0ceaea7d87a4e0cb4cdaea6b9d26350d50ce28069feff4aad34c2af0c4,4608
src/apps/android/app/src/main/java/com/luminet/android/tunnel/MobileEngineProvider.kt,labs/mobile/donor-archive/tunnel/MobileEngineProvider.kt,1e3365e4f2b52293b0cf27cfc386422b7fa5df1d25f2fdef34a0d612c10105aa,2114
src/apps/android/app/src/main/java/com/luminet/android/tunnel/MobileTunnelSupervisor.kt,labs/mobile/donor-archive/tunnel/MobileTunnelSupervisor.kt,81f6f597e0756b35b644957dc08791c19cb57d6b8332efeb20a3144b259b707f,1749
src/apps/android/app/src/main/java/com/luminet/android/tunnel/MultiFormatCompiler.kt,labs/mobile/donor-archive/tunnel/MultiFormatCompiler.kt,6ae7564d419b2b7e7383e872d343035e4da6b8609f01a656076369c0ad55ef1a,1432
src/apps/android/app/src/main/java/com/luminet/android/tunnel/MultiOutboundRouter.kt,labs/mobile/donor-archive/tunnel/MultiOutboundRouter.kt,b7090d4122becd9af801c835f81f2e48a6612912bf081afae33878cab7946a51,1677
src/apps/android/app/src/main/java/com/luminet/android/tunnel/MultiStrategyFragmenter.kt,labs/mobile/donor-archive/tunnel/MultiStrategyFragmenter.kt,631d56ed6d8051cd14fa8c82606f416675b6ba984bab70ae17c97f2681c1f622,8768
src/apps/android/app/src/main/java/com/luminet/android/tunnel/MultiStrategyFragmenterTest.kt,labs/mobile/donor-archive/tunnel/MultiStrategyFragmenterTest.kt,58185d965eb316aaa35578a965cc9153c4f25886b00ed7ad6d9aba4670730c4f,7334
src/apps/android/app/src/main/java/com/luminet/android/tunnel/MulticarrierRelayChannel.kt,labs/mobile/donor-archive/tunnel/MulticarrierRelayChannel.kt,6a36badc216a290ee6eaf723a0b253e3d8bdaf5d5947d0e4c8e4b373632bcb66,1738
src/apps/android/app/src/main/java/com/luminet/android/tunnel/MultihopRelayChain.kt,labs/mobile/donor-archive/tunnel/MultihopRelayChain.kt,7e0d2269d47428123bc2e87e897797dece2ba0cff32d4175a1e297c1a3b39ff8,437
src/apps/android/app/src/main/java/com/luminet/android/tunnel/MultipathDedupBuffer.kt,labs/mobile/donor-archive/tunnel/MultipathDedupBuffer.kt,63ef7d7b1f705128be949f80cf8a5c1aaa8a299207ab7fc4b067c4edd32a2cce,851
src/apps/android/app/src/main/java/com/luminet/android/tunnel/MultipathEvasionPipeline.kt,labs/mobile/donor-archive/tunnel/MultipathEvasionPipeline.kt,67f38f1f7049b9ee195c3dad2925be7d2e628500e72ab476ec5cc10a88b1027c,1163
src/apps/android/app/src/main/java/com/luminet/android/tunnel/MultipathFallbackRouter.kt,labs/mobile/donor-archive/tunnel/MultipathFallbackRouter.kt,9073d40706fa7da20d76c9c8e5df334659c168a6789e6750735206ffdc181ef1,1296
src/apps/android/app/src/main/java/com/luminet/android/tunnel/MultipathFraming.kt,labs/mobile/donor-archive/tunnel/MultipathFraming.kt,5fc93bdab574d601014cdc80a7aa60009618d7bd87265b143331e959533ac64a,3267
src/apps/android/app/src/main/java/com/luminet/android/tunnel/MultipathFramingTest.kt,labs/mobile/donor-archive/tunnel/MultipathFramingTest.kt,e6927b0e247a5f4cb5cbd7d0f7bf4c00ff5e9e05470d1f2df3776c211e8805fc,1281
src/apps/android/app/src/main/java/com/luminet/android/tunnel/MultipathGatewayCoordinator.kt,labs/mobile/donor-archive/tunnel/MultipathGatewayCoordinator.kt,fd323b715ad8aa92848fea9a5623a0af15e46d06e7de319d6257e91baa08d6a0,915
src/apps/android/app/src/main/java/com/luminet/android/tunnel/MultipathUdpTunnel.kt,labs/mobile/donor-archive/tunnel/MultipathUdpTunnel.kt,5d87dc018b834951c96acf74c7ac7fce3a9b367faf02dac3f9536635e4002db0,3060
src/apps/android/app/src/main/java/com/luminet/android/tunnel/MultiprotoEgressSelector.kt,labs/mobile/donor-archive/tunnel/MultiprotoEgressSelector.kt,89417fc8805a26b763b950ace994c3e992453082bd1a200d7ce2e0f92ae303ae,1251
src/apps/android/app/src/main/java/com/luminet/android/tunnel/MultiprotoProfileGateway.kt,labs/mobile/donor-archive/tunnel/MultiprotoProfileGateway.kt,1250675914b562ce6f1d83b94365f59a73ba621d810e31f0fc1471552da85119,2202
src/apps/android/app/src/main/java/com/luminet/android/tunnel/MultiprotocolConfigSynthesizer.kt,labs/mobile/donor-archive/tunnel/MultiprotocolConfigSynthesizer.kt,a80f2ede55acf12e289b7816d92f20b46233c51776ba7385f03bd486ed3b0bd2,579
src/apps/android/app/src/main/java/com/luminet/android/tunnel/MultiprotocolTrafficInspector.kt,labs/mobile/donor-archive/tunnel/MultiprotocolTrafficInspector.kt,16ae0be2900b33b63fca54ca36d9fde252b8727cb2d9978e7398c663594384b8,4154
src/apps/android/app/src/main/java/com/luminet/android/tunnel/NatTraversalTunnel.kt,labs/mobile/donor-archive/tunnel/NatTraversalTunnel.kt,fde669f07a5078971a24848417042ef31f364ac547de503746cbbd8228aeb8fb,2482
src/apps/android/app/src/main/java/com/luminet/android/tunnel/NfqueuePacketScrambler.kt,labs/mobile/donor-archive/tunnel/NfqueuePacketScrambler.kt,f19697facfb37d35bcaa5e1f02d8e6a5cdcc325bb633fe03fc00b1262d12d14b,1870
src/apps/android/app/src/main/java/com/luminet/android/tunnel/NodeDiversitySampler.kt,labs/mobile/donor-archive/tunnel/NodeDiversitySampler.kt,bb15bebbce50dc1ab58ee97c99194408457d36cd8da8c5804161379c8077b0d8,2393
src/apps/android/app/src/main/java/com/luminet/android/tunnel/NodeIngestDeduplicator.kt,labs/mobile/donor-archive/tunnel/NodeIngestDeduplicator.kt,4d40e0b3a2c2eeaacb2dd60658437f5ed8488a623aaac3ae1e88d6f3408c5ce4,1284
src/apps/android/app/src/main/java/com/luminet/android/tunnel/NodePoolAggregator.kt,labs/mobile/donor-archive/tunnel/NodePoolAggregator.kt,7ce89b10994cdf9e62bfb497238ab346b7cd75986f4dd31ba6121fa1dc7d7da0,3091
src/apps/android/app/src/main/java/com/luminet/android/tunnel/NoisePacketInjector.kt,labs/mobile/donor-archive/tunnel/NoisePacketInjector.kt,3fd2a996307f151f14efbbe539149d73cda1d55694ac4546f4f92506ad264ff2,799
src/apps/android/app/src/main/java/com/luminet/android/tunnel/OnDeviceDpiEvader.kt,labs/mobile/donor-archive/tunnel/OnDeviceDpiEvader.kt,cc6a9ac88425959c3e74ea3b1acdc965f94978cfa73ada6cf84f4db23fbc29c0,2090
src/apps/android/app/src/main/java/com/luminet/android/tunnel/OverTlsStreamCodec.kt,labs/mobile/donor-archive/tunnel/OverTlsStreamCodec.kt,6fb27d371c2560103b336770ae244beb4d23e1f0e2ad134efd4e63302664a00d,1321
src/apps/android/app/src/main/java/com/luminet/android/tunnel/OvpnConfigTranspiler.kt,labs/mobile/donor-archive/tunnel/OvpnConfigTranspiler.kt,9d02a75494b96a75801a9710a2c0d7fa307dd244f0c6282d3b00ccc576af6e5e,2567
src/apps/android/app/src/main/java/com/luminet/android/tunnel/PacDiffSynchronizer.kt,labs/mobile/donor-archive/tunnel/PacDiffSynchronizer.kt,4efee6766c88f520450ec46d8faf57bd604d30fe579b512df7071ec901930825,2445
src/apps/android/app/src/main/java/com/luminet/android/tunnel/PacRoutingEngine.kt,labs/mobile/donor-archive/tunnel/PacRoutingEngine.kt,db7430d870c5c18ae9d46c40f3bb86699802e2a8b24a47e694912904acfa0a6b,7804
src/apps/android/app/src/main/java/com/luminet/android/tunnel/PacRoutingEngineTest.kt,labs/mobile/donor-archive/tunnel/PacRoutingEngineTest.kt,23f11ebc96188809cb8e7c433f3edae246115056fab9d8a5946100971e17f378,3182
src/apps/android/app/src/main/java/com/luminet/android/tunnel/PacRuleGenerator.kt,labs/mobile/donor-archive/tunnel/PacRuleGenerator.kt,a398e6148cd02def95ee1073726b24d6f00dc962d521efd8c6da33ad1ac2f16d,2210
src/apps/android/app/src/main/java/com/luminet/android/tunnel/PacScriptCompiler.kt,labs/mobile/donor-archive/tunnel/PacScriptCompiler.kt,ecf9617ab9ac43b1d9e7969b14d209e70e1034e8c70726164551f9c33334db10,1411
src/apps/android/app/src/main/java/com/luminet/android/tunnel/PacSubscriptionOrchestrator.kt,labs/mobile/donor-archive/tunnel/PacSubscriptionOrchestrator.kt,960b5bc74cfd1dafb4627cd6b45d2a3f8ca8988adfadc4f3944e8a5ff018c5ac,2296
src/apps/android/app/src/main/java/com/luminet/android/tunnel/PacketFecEncoder.kt,labs/mobile/donor-archive/tunnel/PacketFecEncoder.kt,885f78f963e777496e034d46d8c3232a0058fcaa074cee9d7ae67b45a40537ec,896
src/apps/android/app/src/main/java/com/luminet/android/tunnel/PeerAclMatrix.kt,labs/mobile/donor-archive/tunnel/PeerAclMatrix.kt,a66ee18924eb2f7399331714b6635c9391cffadc5f174f758b7f07a62fb934fc,581
src/apps/android/app/src/main/java/com/luminet/android/tunnel/PoisonedDnsResponseFilter.kt,labs/mobile/donor-archive/tunnel/PoisonedDnsResponseFilter.kt,55ee7bc2bdea2565aef7f6cab9a6064326e8fa9364c12378d051610c63ad34b1,1694
src/apps/android/app/src/main/java/com/luminet/android/tunnel/PolicyRulesetRouter.kt,labs/mobile/donor-archive/tunnel/PolicyRulesetRouter.kt,ec8612d7e54cb96768d413caa8858fa54085b5e82e70e78083b8d7b495933eb4,2914
src/apps/android/app/src/main/java/com/luminet/android/tunnel/PppTlsTunnelCodec.kt,labs/mobile/donor-archive/tunnel/PppTlsTunnelCodec.kt,de36c186091887b3f90d0fd730eedab5355cccebc95e711dc6bd3579b7487d33,1335
src/apps/android/app/src/main/java/com/luminet/android/tunnel/PrivoxyActionGenerator.kt,labs/mobile/donor-archive/tunnel/PrivoxyActionGenerator.kt,bf651d3c4af06f2e2ea758a99355bac56555ae00b99ca19acbb759b7d3df96ef,1030
src/apps/android/app/src/main/java/com/luminet/android/tunnel/ProcessSupervisor.kt,labs/mobile/donor-archive/tunnel/ProcessSupervisor.kt,c97e538753e89c67c14edb99387e0dc85f729ed10f831112c824a857565e1a91,983
src/apps/android/app/src/main/java/com/luminet/android/tunnel/ProgrammableProxyPipeline.kt,labs/mobile/donor-archive/tunnel/ProgrammableProxyPipeline.kt,f2940fd8d76bff5c8975363b37a212125bebbe130744088bab8ee9a4ee8f4716,2124
src/apps/android/app/src/main/java/com/luminet/android/tunnel/ProtocolCapabilityMatrix.kt,labs/mobile/donor-archive/tunnel/ProtocolCapabilityMatrix.kt,9d830b98c782443effae628a475ec26a4ffa7c1f13baa6cdf02811c8d955533e,799
src/apps/android/app/src/main/java/com/luminet/android/tunnel/ProtocolProfileOrchestrator.kt,labs/mobile/donor-archive/tunnel/ProtocolProfileOrchestrator.kt,75551f7523d5e8df373c6b57923c3b3d6ce1fc6e94c1e735f32d64f6da9dea55,1142
src/apps/android/app/src/main/java/com/luminet/android/tunnel/ProviderFailoverWatcher.kt,labs/mobile/donor-archive/tunnel/ProviderFailoverWatcher.kt,38fc6f5328c18ae5206344dcb2ffa2d11754a303437d2ef76f21dd33b60957d6,1993
src/apps/android/app/src/main/java/com/luminet/android/tunnel/ProxyUriCodec.kt,labs/mobile/donor-archive/tunnel/ProxyUriCodec.kt,8f3140c3b8b4f4e5f444bc756d1623787d1a0f7b57e727cc39fcb41777e2ae73,2208
src/apps/android/app/src/main/java/com/luminet/android/tunnel/PublicRelayAggregator.kt,labs/mobile/donor-archive/tunnel/PublicRelayAggregator.kt,378c9ce539d69371495bec85905928aa03b9917d68fc4f1f7c0c57d8cf0ccfdb,1004
src/apps/android/app/src/main/java/com/luminet/android/tunnel/QuicConnectionController.kt,labs/mobile/donor-archive/tunnel/QuicConnectionController.kt,bbcc4e2dfe894d35484460c443091cd04aec39532ebcc2a67b4ee0ec0129096e,3099
src/apps/android/app/src/main/java/com/luminet/android/tunnel/QuicEvasionTunnelCoordinator.kt,labs/mobile/donor-archive/tunnel/QuicEvasionTunnelCoordinator.kt,c0eb5b4dec350b0c35eb1a4c25dd7fcf63582ee45a96f6763169a39ccb9b2f2c,3412
src/apps/android/app/src/main/java/com/luminet/android/tunnel/QuicPacketCodec.kt,labs/mobile/donor-archive/tunnel/QuicPacketCodec.kt,0ce41962e0d60227f378d5032f05148852f0e8dc0e6d4eb782d7e507ff005f73,6386
src/apps/android/app/src/main/java/com/luminet/android/tunnel/QuicStreamMultiplexer.kt,labs/mobile/donor-archive/tunnel/QuicStreamMultiplexer.kt,d85a055187317894aaca3c81f1d275aea2e401553ef47b5587aac085ace17ac8,2992
src/apps/android/app/src/main/java/com/luminet/android/tunnel/QuotaTracker.kt,labs/mobile/donor-archive/tunnel/QuotaTracker.kt,046f82a6924b0d3b420aa8b718800fd7eeac1e555460af37e15e808517da71e7,3482
src/apps/android/app/src/main/java/com/luminet/android/tunnel/RangeParallelDownloader.kt,labs/mobile/donor-archive/tunnel/RangeParallelDownloader.kt,569b5c490062a871010b4fc348ba1fec7dc7a9bff1ceb3b258e521f2e44e33f7,2649
src/apps/android/app/src/main/java/com/luminet/android/tunnel/RangeParallelDownloaderTest.kt,labs/mobile/donor-archive/tunnel/RangeParallelDownloaderTest.kt,927a4199db3b940ee28aab50953ed053945360c254667b48492b6a81bfd55470,2052
src/apps/android/app/src/main/java/com/luminet/android/tunnel/RawPacketCarrier.kt,labs/mobile/donor-archive/tunnel/RawPacketCarrier.kt,9fd9190d9dc5a650b362beba3d75ddbe643c45e19e40085e471124803254d37e,1768
src/apps/android/app/src/main/java/com/luminet/android/tunnel/RawPacketCodec.kt,labs/mobile/donor-archive/tunnel/RawPacketCodec.kt,f9dc2bfff6552babeb9b3f14c5a3ffd32b2a554d9cfce98ef5c167d2ee752659,13193
src/apps/android/app/src/main/java/com/luminet/android/tunnel/RawPacketCodecTest.kt,labs/mobile/donor-archive/tunnel/RawPacketCodecTest.kt,00ab85a7b29dc7aa72cef83f41a1c534eac272f17869e41f9a35f4a63d48c8a9,4560
src/apps/android/app/src/main/java/com/luminet/android/tunnel/RelayAclFilter.kt,labs/mobile/donor-archive/tunnel/RelayAclFilter.kt,83de3e53e8c807e493aa66a6b8b2bd571c875a0adef573c253109021d4364e38,8893
src/apps/android/app/src/main/java/com/luminet/android/tunnel/RelayAclFilterTest.kt,labs/mobile/donor-archive/tunnel/RelayAclFilterTest.kt,44a4284ae2a2875c4f9550049f2289cd91b8235b9027c1a82ac46382a7153dc9,3763
src/apps/android/app/src/main/java/com/luminet/android/tunnel/RelayResponseClassifier.kt,labs/mobile/donor-archive/tunnel/RelayResponseClassifier.kt,30174535ebc8c68b263269635dddd6d9157526a86a1d7aa557a57a4f23742d37,6502
src/apps/android/app/src/main/java/com/luminet/android/tunnel/RelayResponseClassifierTest.kt,labs/mobile/donor-archive/tunnel/RelayResponseClassifierTest.kt,972cbd9778b0fe0a0f71df2df9aeddcad32d4a34fb2997dc42bc22eda7258b68,3209
src/apps/android/app/src/main/java/com/luminet/android/tunnel/RelayRotationCircuitBreaker.kt,labs/mobile/donor-archive/tunnel/RelayRotationCircuitBreaker.kt,9b20fdf78cb6e2962fee87ba35386b5ec177c808c1c5bd610ff8e517569ef616,2763
src/apps/android/app/src/main/java/com/luminet/android/tunnel/RelayStreamCodec.kt,labs/mobile/donor-archive/tunnel/RelayStreamCodec.kt,ec2febf76dcb74557bb752c3b5862bd190510b6f4cf369a91dae8f7a02cb5c8c,3770
src/apps/android/app/src/main/java/com/luminet/android/tunnel/ReplayResistantTunnelSession.kt,labs/mobile/donor-archive/tunnel/ReplayResistantTunnelSession.kt,4f1960272e9f684fa56d4bfa04d4b85f08851635ad7f0e669d41ad86b75dc5fd,3818
src/apps/android/app/src/main/java/com/luminet/android/tunnel/ReverseTunnelRelay.kt,labs/mobile/donor-archive/tunnel/ReverseTunnelRelay.kt,04da891fdf99894f044b45e1cc8367ab1c02ade9e509809c5aee8631ed62f717,1183
src/apps/android/app/src/main/java/com/luminet/android/tunnel/RouterOsRuleExporter.kt,labs/mobile/donor-archive/tunnel/RouterOsRuleExporter.kt,99982f39c5fd7d1110eb9581b16f1862f7e0f2de1c35cf51526da17c5bf09ba7,565
src/apps/android/app/src/main/java/com/luminet/android/tunnel/ServerlessDirectShaper.kt,labs/mobile/donor-archive/tunnel/ServerlessDirectShaper.kt,c3a903422703919c7436b9d0494577d21229d8fdda385598de0b0ec187f27b9e,6439
src/apps/android/app/src/main/java/com/luminet/android/tunnel/ServerlessDirectShaperTest.kt,labs/mobile/donor-archive/tunnel/ServerlessDirectShaperTest.kt,959a750d02373803326f5e3813a965a1ae6fd26da8fb4fc192ed7de4ee4db6bd,2970
src/apps/android/app/src/main/java/com/luminet/android/tunnel/ServerlessTunnelCarrier.kt,labs/mobile/donor-archive/tunnel/ServerlessTunnelCarrier.kt,8e4c8c9b7047b77cfb3f15d2b19015561d9caf683de841cd6949f5781c7b2d7b,1935
src/apps/android/app/src/main/java/com/luminet/android/tunnel/SessionRotationPool.kt,labs/mobile/donor-archive/tunnel/SessionRotationPool.kt,e841b1cca5efc2a70182567ce79a3048acb6542a17594985f5f920553a98bebc,2188
src/apps/android/app/src/main/java/com/luminet/android/tunnel/SingboxConfigGenerator.kt,labs/mobile/donor-archive/tunnel/SingboxConfigGenerator.kt,103fba8e86a5417e365bfc191886eff15aa314b9d9b9ca51e3e34433cb43f87c,9731
src/apps/android/app/src/main/java/com/luminet/android/tunnel/SingboxConfigGeneratorTest.kt,labs/mobile/donor-archive/tunnel/SingboxConfigGeneratorTest.kt,5213e139185b7410102788c29ca8131373bd52da2cfd48af8562f18d09ba72b3,1538
src/apps/android/app/src/main/java/com/luminet/android/tunnel/SingboxRulesetCompiler.kt,labs/mobile/donor-archive/tunnel/SingboxRulesetCompiler.kt,1b4576d7243022255cdab6225dcea732c947e37b510d1256c9f14f1ef7850731,1414
src/apps/android/app/src/main/java/com/luminet/android/tunnel/SniFragmentationInjector.kt,labs/mobile/donor-archive/tunnel/SniFragmentationInjector.kt,b28666a3a4340c13b5d71dcce18fdeea492dce61a2d2a525f515dccd3b92f093,681
src/apps/android/app/src/main/java/com/luminet/android/tunnel/SniFragmenter.kt,labs/mobile/donor-archive/tunnel/SniFragmenter.kt,fe6ed808601ce6668e4402323d4b6ae0dd67f6d77b9ad27497bffa45487cbed2,7741
src/apps/android/app/src/main/java/com/luminet/android/tunnel/SniFragmenterTest.kt,labs/mobile/donor-archive/tunnel/SniFragmenterTest.kt,9e0adb5b6c185a168ffb7aefbe35c0fb3309269a39ba9ecb9d8e8ad9b8651946,4336
src/apps/android/app/src/main/java/com/luminet/android/tunnel/SniHostnameRewriter.kt,labs/mobile/donor-archive/tunnel/SniHostnameRewriter.kt,282916649f3530d73f4f60508b1ebad120bb38442726a17f165b2383fe702bed,2101
src/apps/android/app/src/main/java/com/luminet/android/tunnel/SniPaddedClientHello.kt,labs/mobile/donor-archive/tunnel/SniPaddedClientHello.kt,de025f721bc0d12b11b4f9a9c8c0d359bc1fe999e802f344b515e8153417b979,4755
src/apps/android/app/src/main/java/com/luminet/android/tunnel/SniSegmentationMasquerader.kt,labs/mobile/donor-archive/tunnel/SniSegmentationMasquerader.kt,90365a3000d8500b5c161711487c7b8ed2fdc3f524e9ee9476d973cb8bdeea4c,3438
src/apps/android/app/src/main/java/com/luminet/android/tunnel/SniSpoofCoordinator.kt,labs/mobile/donor-archive/tunnel/SniSpoofCoordinator.kt,204245f6b64372492868207cabc8fcd23fba22df44caba0472dc925f2a21e406,7053
src/apps/android/app/src/main/java/com/luminet/android/tunnel/SniSpoofCoordinatorTest.kt,labs/mobile/donor-archive/tunnel/SniSpoofCoordinatorTest.kt,8d73c1af510bdf32b2a9edb5de30b3f8134458cbb796b3667638f05347094061,2823
src/apps/android/app/src/main/java/com/luminet/android/tunnel/SniSpoofingClient.kt,labs/mobile/donor-archive/tunnel/SniSpoofingClient.kt,fc40ba4896cb51a52e330c4c21ca45f29f7765ef081d840da32ed61ba24bef20,5645
src/apps/android/app/src/main/java/com/luminet/android/tunnel/SniSpoofingClientTest.kt,labs/mobile/donor-archive/tunnel/SniSpoofingClientTest.kt,5013de0044314416c68aaebcc188645e754faa66432f7eb04c730d6865f2092a,2704
src/apps/android/app/src/main/java/com/luminet/android/tunnel/SocketPoolSupervisor.kt,labs/mobile/donor-archive/tunnel/SocketPoolSupervisor.kt,6f14bc5059ed55439a5c9a65eec2ba46a3da1a7e08c47f9809f7f1c111780292,1648
src/apps/android/app/src/main/java/com/luminet/android/tunnel/SocksProbe.kt,labs/mobile/donor-archive/tunnel/SocksProbe.kt,ae07596a347119583292de34618a9dc32e0a3784ba4d1ee4b8db576377baa63d,5364
src/apps/android/app/src/main/java/com/luminet/android/tunnel/SocksProbeTest.kt,labs/mobile/donor-archive/tunnel/SocksProbeTest.kt,7733f29664b367fadfef1700eee62bca7f9785421f32e1973c43249155e4c3ed,3079
src/apps/android/app/src/main/java/com/luminet/android/tunnel/SplitTunnelPolicyManager.kt,labs/mobile/donor-archive/tunnel/SplitTunnelPolicyManager.kt,19e207a88231b6d5c6b8f6cb53958dd9005bfb1e05455cc2a5989dde6a81cf8b,3067
src/apps/android/app/src/main/java/com/luminet/android/tunnel/SplitTunnelPolicyManagerTest.kt,labs/mobile/donor-archive/tunnel/SplitTunnelPolicyManagerTest.kt,65f96586383030776fdc6ef9dfaf9c763f9e11854f63ac6c658825623261a85d,2762
src/apps/android/app/src/main/java/com/luminet/android/tunnel/SplitTunnelRuleSync.kt,labs/mobile/donor-archive/tunnel/SplitTunnelRuleSync.kt,5b31d35353e866dba00a6aab729c57f8dadbd1e4c7d9fefbaaad72dabb6a12ef,2566
src/apps/android/app/src/main/java/com/luminet/android/tunnel/SslVpnStream.kt,labs/mobile/donor-archive/tunnel/SslVpnStream.kt,216f8a38137b6ee65d6a2746dd453077152a0fda432c9c25c39d3b2c113becaa,944
src/apps/android/app/src/main/java/com/luminet/android/tunnel/SslVpnVirtualAdapter.kt,labs/mobile/donor-archive/tunnel/SslVpnVirtualAdapter.kt,98fca5caac22ff20f29a57ff1319d6301b953237d546194009f487f8093abd19,830
src/apps/android/app/src/main/java/com/luminet/android/tunnel/SsrotStreamObfuscator.kt,labs/mobile/donor-archive/tunnel/SsrotStreamObfuscator.kt,762f70d417a30fd097a34b578ee74214d96bf9eb01aa53d94096045094487bcf,7861
src/apps/android/app/src/main/java/com/luminet/android/tunnel/StaticCidrPool.kt,labs/mobile/donor-archive/tunnel/StaticCidrPool.kt,7d375728114f4cfb14d0949fcfd61632276e18666a9252353e77767f26b333b3,1152
src/apps/android/app/src/main/java/com/luminet/android/tunnel/StealthBridgeCollector.kt,labs/mobile/donor-archive/tunnel/StealthBridgeCollector.kt,42d23bcf08fb2e6992b81f5fc5f8281f1e992380ef021b52fb4dca497876037f,2738
src/apps/android/app/src/main/java/com/luminet/android/tunnel/SubnetDnsScanner.kt,labs/mobile/donor-archive/tunnel/SubnetDnsScanner.kt,6a7da6d23673982dd2dce1c8ba4b54282747b7ea127b12f8427b3d810426c823,995
src/apps/android/app/src/main/java/com/luminet/android/tunnel/SubnetNeighborScanner.kt,labs/mobile/donor-archive/tunnel/SubnetNeighborScanner.kt,e98131fcf2c42b4323246492037326d310817250fe6587df72f3b2237a80798d,591
src/apps/android/app/src/main/java/com/luminet/android/tunnel/SubnetRangeScout.kt,labs/mobile/donor-archive/tunnel/SubnetRangeScout.kt,fd959459488652b0d7b93b2ec3086563e9e9bd1714795aa4f31cc801f074eeb3,1047
src/apps/android/app/src/main/java/com/luminet/android/tunnel/SubscriptionCrawlerPipeline.kt,labs/mobile/donor-archive/tunnel/SubscriptionCrawlerPipeline.kt,4976737faf33c07cca4e05862f49f3d23580bd8f56746ca695bed1285eca5383,2003
src/apps/android/app/src/main/java/com/luminet/android/tunnel/SubscriptionHealthClassifier.kt,labs/mobile/donor-archive/tunnel/SubscriptionHealthClassifier.kt,91ac6e9a7c3909133e0e746660731f8a43954f62d0f6c53ca21db856bc14f451,1548
src/apps/android/app/src/main/java/com/luminet/android/tunnel/SubscriptionNodeExtractor.kt,labs/mobile/donor-archive/tunnel/SubscriptionNodeExtractor.kt,7c6c2f15712e9cc38173472a06ca7aefd7ea54f4e0e22521a39f307a520157e0,4236
src/apps/android/app/src/main/java/com/luminet/android/tunnel/SubscriptionPipeline.kt,labs/mobile/donor-archive/tunnel/SubscriptionPipeline.kt,0dabc96dc52e872dea0d5089834fe476ce91c7bb3b670f37b7addfaf144e84c6,1070
src/apps/android/app/src/main/java/com/luminet/android/tunnel/TacticalTunnelSession.kt,labs/mobile/donor-archive/tunnel/TacticalTunnelSession.kt,5e25d3f137e34bd8bec735211cf826d4f2a6e0189bdd0f1de0253dbd3f30a40d,9921
src/apps/android/app/src/main/java/com/luminet/android/tunnel/TcpChunkSplitter.kt,labs/mobile/donor-archive/tunnel/TcpChunkSplitter.kt,7db5c8fad08bd1b2119635946b24de4f15a57006f1754b4d284332524a45e4e8,1016
src/apps/android/app/src/main/java/com/luminet/android/tunnel/TcpDesyncPoisoner.kt,labs/mobile/donor-archive/tunnel/TcpDesyncPoisoner.kt,e4cd7a09313b6defa56b41e5776f8b181751aef3bdfcf0a645146adc54f0d71d,1086
src/apps/android/app/src/main/java/com/luminet/android/tunnel/TcpDesyncTracker.kt,labs/mobile/donor-archive/tunnel/TcpDesyncTracker.kt,15ccd74c1a4064ac6ecf2e741bda84ec3acbe2ff5c810c74cabddba477e8e77d,6218
src/apps/android/app/src/main/java/com/luminet/android/tunnel/TcpRendezvousBridge.kt,labs/mobile/donor-archive/tunnel/TcpRendezvousBridge.kt,4fd903dd084c37427d02c555b08749082bb3362a18f884c6064bf725036e6046,918
src/apps/android/app/src/main/java/com/luminet/android/tunnel/TcpWindowClamper.kt,labs/mobile/donor-archive/tunnel/TcpWindowClamper.kt,b177f3bbc239eb34b1beb1b298076ea8dfae5355d047123e7be5787e6c7e4a1e,551
src/apps/android/app/src/main/java/com/luminet/android/tunnel/TlsFingerprintProfile.kt,labs/mobile/donor-archive/tunnel/TlsFingerprintProfile.kt,53585c00747ef368da71b6b69f2ef5084a42c0b89b52874d829131aaf4c15ee2,1537
src/apps/android/app/src/main/java/com/luminet/android/tunnel/TlsSessionObfuscator.kt,labs/mobile/donor-archive/tunnel/TlsSessionObfuscator.kt,01285d71df7f9b9da3654ea5639232f1157187485e28cf72c31c479189a690e4,10101
src/apps/android/app/src/main/java/com/luminet/android/tunnel/TlsSessionObfuscatorTest.kt,labs/mobile/donor-archive/tunnel/TlsSessionObfuscatorTest.kt,66323c5204fd38efc063ab526ad6beba815054e6ca372799db1b10d90c0e367c,4249
src/apps/android/app/src/main/java/com/luminet/android/tunnel/TlsSessionTunnelAdapter.kt,labs/mobile/donor-archive/tunnel/TlsSessionTunnelAdapter.kt,7781759854842ce8d29c14d93dd5415f790691a0cfc22f7bd7e0b000f1c4dc40,1594
src/apps/android/app/src/main/java/com/luminet/android/tunnel/ToolchainProxyWrapper.kt,labs/mobile/donor-archive/tunnel/ToolchainProxyWrapper.kt,de6d3b12055617c884297a223f0c3b8115833fb5191893c853a875212d6362e7,1832
src/apps/android/app/src/main/java/com/luminet/android/tunnel/TransparentChannelMux.kt,labs/mobile/donor-archive/tunnel/TransparentChannelMux.kt,e79df1d1688e3208bf950d73acbf09fe2dc7e2b74ce8589d1d6fb3b60bc1904e,1176
src/apps/android/app/src/main/java/com/luminet/android/tunnel/Tun2SocksBridge.kt,labs/mobile/donor-archive/tunnel/Tun2SocksBridge.kt,ab87a7ffc79503c0eb25f1bcaadee413fe03dfd848c505a47615b192dfe4f24d,4873
src/apps/android/app/src/main/java/com/luminet/android/tunnel/TunBridgeManager.kt,labs/mobile/donor-archive/tunnel/TunBridgeManager.kt,5e5e1764aa13e4d2c2cc330ee273686a826b11eb6c61c410b78aff5188027517,6527
src/apps/android/app/src/main/java/com/luminet/android/tunnel/TunBridgeManagerTest.kt,labs/mobile/donor-archive/tunnel/TunBridgeManagerTest.kt,708c6033186844806eacc23dcd5258114ce137bd2775eb54c447bfe23f04ccbe,3616
src/apps/android/app/src/main/java/com/luminet/android/tunnel/TunMapdns.kt,labs/mobile/donor-archive/tunnel/TunMapdns.kt,7d6cbe8be350bdaf6447f22d68e36c4c33d63bc8d7806d1a125dc14f44e2ec09,7110
src/apps/android/app/src/main/java/com/luminet/android/tunnel/TunMapdnsTest.kt,labs/mobile/donor-archive/tunnel/TunMapdnsTest.kt,6be33f5bb8a8cfb1bac65b2b2612a37e9f33286691e8160bf134d92d69dc0c04,5137
src/apps/android/app/src/main/java/com/luminet/android/tunnel/TunRouteSynchronizer.kt,labs/mobile/donor-archive/tunnel/TunRouteSynchronizer.kt,00bb66fef5adf2f9b3ab3e4bc73e1a1ffe236d25723ed053f731292d780943ac,658
src/apps/android/app/src/main/java/com/luminet/android/tunnel/TunnelHealthDiagnostics.kt,labs/mobile/donor-archive/tunnel/TunnelHealthDiagnostics.kt,70664f552d7173a49480b82861183d43a63d674faf41799c19750c7fb04918e2,3624
src/apps/android/app/src/main/java/com/luminet/android/tunnel/TunnelHealthDiagnosticsTest.kt,labs/mobile/donor-archive/tunnel/TunnelHealthDiagnosticsTest.kt,6cb07902e2de96f9f1e24421a883f9f3c6ce76536ae5d29c22624125dbb1128f,3181
src/apps/android/app/src/main/java/com/luminet/android/tunnel/TunnelProbeEvaluator.kt,labs/mobile/donor-archive/tunnel/TunnelProbeEvaluator.kt,4f01914f5e996ed88c164f60a72a09445662ef6039546e62f4a6b1085a666d18,8362
src/apps/android/app/src/main/java/com/luminet/android/tunnel/TunnelProbeEvaluatorTest.kt,labs/mobile/donor-archive/tunnel/TunnelProbeEvaluatorTest.kt,482ee3c350f33a7eddeceb1ded7784a198e3e12caaed56d30072ceb2bd38bd4b,3294
src/apps/android/app/src/main/java/com/luminet/android/tunnel/UniversalMeshEvasionPipeline.kt,labs/mobile/donor-archive/tunnel/UniversalMeshEvasionPipeline.kt,17c3a42333db1e5dc593b3786dc6241ba2b3018031299edcaf3238ca3b9a712c,2420
src/apps/android/app/src/main/java/com/luminet/android/tunnel/UpstreamMatrix.kt,labs/mobile/donor-archive/tunnel/UpstreamMatrix.kt,53c7317ed10027e8b002e0f90773b18c47db92b17751e52eba2979aa69fab97d,702
src/apps/android/app/src/main/java/com/luminet/android/tunnel/UptimeTracker.kt,labs/mobile/donor-archive/tunnel/UptimeTracker.kt,7820593506e0b71fb7e721932b9d782bce0cd23e315f6a4c9b1813b6fe98558c,834
src/apps/android/app/src/main/java/com/luminet/android/tunnel/VirtualEthernetSwitch.kt,labs/mobile/donor-archive/tunnel/VirtualEthernetSwitch.kt,05422f62b89fbf7c40345a242955c6ace48ca5a5be2035ede1b9e8439b97b4e7,1730
src/apps/android/app/src/main/java/com/luminet/android/tunnel/VlessStreamCodec.kt,labs/mobile/donor-archive/tunnel/VlessStreamCodec.kt,5484a9a09ab497a96012dfe5ee1b939ac489686220d9b22e7c46d577e33fb41f,5390
src/apps/android/app/src/main/java/com/luminet/android/tunnel/WarpAccountClient.kt,labs/mobile/donor-archive/tunnel/WarpAccountClient.kt,3521ed03980377122c088189c89b47d03f199638067b7dc8548c56eaf8ed2ee8,869
src/apps/android/app/src/main/java/com/luminet/android/tunnel/WebRtcDataChannelCodec.kt,labs/mobile/donor-archive/tunnel/WebRtcDataChannelCodec.kt,425fdbfc3f547879e064666ed26fcd85904cc90bb211c9e2d15f4355b3836f87,2449
src/apps/android/app/src/main/java/com/luminet/android/tunnel/WeightedEgressRouter.kt,labs/mobile/donor-archive/tunnel/WeightedEgressRouter.kt,d54cee0fd331d66f7e0c36d1e9eed49f937ea5a3c44319b4c62ca9926ede0fa9,1231
src/apps/android/app/src/main/java/com/luminet/android/tunnel/WireguardIpamManager.kt,labs/mobile/donor-archive/tunnel/WireguardIpamManager.kt,34518a44925bcaf0d66a9e85565b18465f26556c2310129b7558e55c4c37d9d1,2901
src/apps/android/app/src/main/java/com/luminet/android/tunnel/WireguardPeerAllocator.kt,labs/mobile/donor-archive/tunnel/WireguardPeerAllocator.kt,97c80a75a415b613f14246b00355df7d262037a84b2f0de1ebf4fa5b121a8aca,1629
src/apps/android/app/src/main/java/com/luminet/android/tunnel/ZeroCopyNetworkRelay.kt,labs/mobile/donor-archive/tunnel/ZeroCopyNetworkRelay.kt,fc7a602c2248dd577245211f4a08d22df5c480342d312b837d7bb108d1263b0a,2309
src/apps/android/app/src/main/java/com/luminet/android/tunnel/ZeroRttSessionCache.kt,labs/mobile/donor-archive/tunnel/ZeroRttSessionCache.kt,e3788f3b3a1e0d09f22ffb5ec573a0cae0e80c7241267672350ce4f1287c8c3a,1024
src/apps/android/app/src/main/java/com/luminet/android/tunnel/ZeroTrustRouteTable.kt,labs/mobile/donor-archive/tunnel/ZeroTrustRouteTable.kt,af871ae96046040786e0c390eb0e4f54c7879f81e4c877f197747df755d07192,994
src/apps/android/app/src/test/java/com/luminet/android/dns/SniRoutingTableTest.kt,labs/mobile/donor-archive/test/dns/SniRoutingTableTest.kt,bdb41024ff2470b87ae54692f51229d5717a67c50ce8fb2e12e9ea8a70fa362f,1545
src/apps/android/app/src/test/java/com/luminet/android/tunnel/Batch10AndroidTest.kt,labs/mobile/donor-archive/test/tunnel/Batch10AndroidTest.kt,17974cdf707f7c87f3fab58ec6bd2c5b52956f5ec864e41a2eb20f58e670aaf7,10201
src/apps/android/app/src/test/java/com/luminet/android/tunnel/Batch1AndroidTest.kt,labs/mobile/donor-archive/test/tunnel/Batch1AndroidTest.kt,2b848ab2f1d076213b81b58a4a7c16ed1ac745bef10b45380330e2813cec2fc3,5951
src/apps/android/app/src/test/java/com/luminet/android/tunnel/Batch2AndroidTest.kt,labs/mobile/donor-archive/test/tunnel/Batch2AndroidTest.kt,0e76400488bddc0b973b8bbf5d432f8e2549344500ae9b4e10534f449502ce11,6456
src/apps/android/app/src/test/java/com/luminet/android/tunnel/Batch3AndroidTest.kt,labs/mobile/donor-archive/test/tunnel/Batch3AndroidTest.kt,fda697260a47bfc721d431cfbe0bd0a140ac6c4f3521d3b11e17f5fdd79982ba,6682
src/apps/android/app/src/test/java/com/luminet/android/tunnel/Batch4AndroidTest.kt,labs/mobile/donor-archive/test/tunnel/Batch4AndroidTest.kt,c963534894621dca0b55a7d6a02fcca0c16c291663de51afede691cf0f70231a,5572
src/apps/android/app/src/test/java/com/luminet/android/tunnel/Batch5AndroidTest.kt,labs/mobile/donor-archive/test/tunnel/Batch5AndroidTest.kt,80de09000a4db1d18797c22887c6942765364b147118cd219ed5b6f674b1593d,6679
src/apps/android/app/src/test/java/com/luminet/android/tunnel/Batch6AndroidTest.kt,labs/mobile/donor-archive/test/tunnel/Batch6AndroidTest.kt,263fe05ee11ace6e2996433fe57e787e45859b0e83e5e840f02c3d175f4994d8,10045
src/apps/android/app/src/test/java/com/luminet/android/tunnel/Batch7AndroidTest.kt,labs/mobile/donor-archive/test/tunnel/Batch7AndroidTest.kt,6b55e25bf712d54fa8db52265ad8e0a00ec6d94daf6958e21199596a154a8ed3,13209
src/apps/android/app/src/test/java/com/luminet/android/tunnel/Batch8AndroidTest.kt,labs/mobile/donor-archive/test/tunnel/Batch8AndroidTest.kt,2d3c5cf22be55c652485226117d7a6ec5340d1cd15117f93903713743d05671d,10039
src/apps/android/app/src/test/java/com/luminet/android/tunnel/Batch9AndroidTest.kt,labs/mobile/donor-archive/test/tunnel/Batch9AndroidTest.kt,5c859401d6d8ad0635ddb87e3bc199be12a85cec4aa761269501d243f1094d97,9345
src/apps/android/app/src/test/java/com/luminet/android/tunnel/QuotaTrackerTest.kt,labs/mobile/donor-archive/test/tunnel/QuotaTrackerTest.kt,def9a7e9e2f08011ef1b3d89a199bf1bfccf9022e9dca64649ca62f7a3feeaf7,841
src/apps/android/app/src/test/java/com/luminet/android/tunnel/RelayStreamCodecTest.kt,labs/mobile/donor-archive/test/tunnel/RelayStreamCodecTest.kt,daa2b34f35e4a7808e96e1e983e1984401df9548ef5dbfbc21cedcb95f40991c,1625
src/apps/android/app/src/test/java/com/luminet/android/tunnel/SniPaddedClientHelloTest.kt,labs/mobile/donor-archive/test/tunnel/SniPaddedClientHelloTest.kt,d4ec61babf14d852cc6228da798dad2e6e604c780fa061d84f3864ad1233662e,1341
src/apps/android/app/src/test/java/com/luminet/android/tunnel/TacticalTunnelSessionTest.kt,labs/mobile/donor-archive/test/tunnel/TacticalTunnelSessionTest.kt,bcde61d9b71b02cb47693ab60de024cadc545fe40e97d08b411e665157c6679e,4303
src/apps/android/app/src/test/java/com/luminet/android/tunnel/TcpDesyncTrackerTest.kt,labs/mobile/donor-archive/test/tunnel/TcpDesyncTrackerTest.kt,3ddeb75f66d1df4dd830c7e247987e8b1fac735d6692f7105e7a2523eaa66402,3003
src/apps/android/app/src/test/java/com/luminet/android/tunnel/TlsFingerprintProfileTest.kt,labs/mobile/donor-archive/test/tunnel/TlsFingerprintProfileTest.kt,b78ddb7a0810c733baf9999907824f5867486e6a52fce9b871cf54eafacd0091,1201
src/apps/android/app/src/test/java/com/luminet/android/tunnel/Tun2SocksBridgeTest.kt,labs/mobile/donor-archive/test/tunnel/Tun2SocksBridgeTest.kt,38f305bd73cf956b97ac6f026c8b983df8e3c05ee07606b6e38445304c389412,2371
src/apps/android/app/src/test/java/com/luminet/android/tunnel/VlessStreamCodecTest.kt,labs/mobile/donor-archive/test/tunnel/VlessStreamCodecTest.kt,d4bad3adbe0a2adb252b7d5fe4fe98ee0fd0ddb0c3128d28fe3b2820f0d0524d,2452
src/apps/android/app/src/test/java/com/luminet/android/tunnel/WebRtcDataChannelCodecTest.kt,labs/mobile/donor-archive/test/tunnel/WebRtcDataChannelCodecTest.kt,25ab38d5bf7373b5a8ac393af67a5e566abb884b0fb68cf686d5aaf3c120894b,1565
